"","club.name","field.name","field.address","lat","lng"
"1","A3","Bell Branch Athletic Complex Field A","2400 Davidsonville Rd, Gambrills, MD 21054",38.985429,-76.669142
"2","A3","Bell Branch Athletic Complex Field B","2400 Davidsonville Rd, Gambrills, MD 21054",38.985429,-76.669142
"3","A3","Bell Branch Athletic Complex Field D2","2400 Davidsonville Rd, Gambrills, MD 21054",38.985429,-76.669142
"4","A3","Bell Branch Athletic Complex Field D3","2400 Davidsonville Rd, Gambrills, MD 21054",38.985429,-76.669142
"5","A3","Bell Branch Athletic Complex Field D4","2400 Davidsonville Rd, Gambrills, MD 21054",38.985429,-76.669142
"6","A3","Bell Branch Athletic Complex Field D6","2400 Davidsonville Rd, Gambrills, MD 21054",38.985429,-76.669142
"7","Alexandria Soccer Association","Brenman Park #1A","4800 Brenman Park Drive, Alexandria, VA 22301",38.810055,-77.067563
"8","Alexandria Soccer Association","Brenman Park - Soccer 1","4800 Brenman Park Drive, Alexandria, VA 22301",38.810055,-77.067563
"9","Alexandria Soccer Association","Greenbrier Pk Upper (Yorktown HS Stad.)","2700 Greenbrier Street, Arlington, VA 22207",38.900236,-77.139393
"10","Alexandria Soccer Association","Limerick 1","400 Hoofs Run Drive, Alexandria, VA 22314",38.798206,-77.063018
"11","Alexandria Soccer Association","Simpson Soccer Field 2A","426 East Monroe Ave, Alexandria, VA 22301",38.820902,-77.054985
"12","Alexandria Soccer Association","Simpson Soccer Field 2B","426 East Monroe Ave, Alexandria, VA 22301",38.820902,-77.054985
"13","Alexandria Soccer Association","Witter Fields Complex #1","2600 Witter Street, Alexandria, VA 22314",38.813125,-77.039281
"14","Alexandria Soccer Association","Witter Fields Complex #1a","2600 Witter Street, Alexandria, VA 22314",38.813125,-77.039281
"15","Alexandria Soccer Association","Witter Fields Complex #1b","2600 Witter Street, Alexandria, VA 22314",38.813125,-77.039281
"16","Alexandria Soccer Association","Witter Fields Complex #2","2600 Witter Street, Alexandria, VA 22314",38.813125,-77.039281
"17","Alexandria Soccer Association","Witter Fields Complex #2a","2600 Witter Street, Alexandria, VA 22314",38.813125,-77.039281
"18","Alliance Soccer Club","Ballenger Creek Park Chuck Foreman Field","5420 Ballenger Creek Pike, Frederick, MD 21703",39.382755,-77.443337
"19","Alliance Soccer Club","New Market Park Lower Small Sided","5760 Royal Oaks Drive, New Market, MD",38.498038,-76.819177
"20","Alliance Soccer Club","Oakdale HS Turf Field","5850 Eagle Head Drive, Ijamsville, MD 21754",39.334227,-77.336544
"21","Alliance Soccer Club","Old National Pike Park 4","12406 Old National Pike, Mt. Airy, MD 21771",39.412596,-77.174775
"22","Annandale Boys & Girls Club","Annandale HS Stadium","4700 Medford Dr, Annandale, VA 22003",38.823027,-77.207489
"23","Annandale Boys & Girls Club","Annandale HS Track turf field","4700 Medford Dr, Annandale, VA 22003",38.823027,-77.207489
"24","Annandale Boys & Girls Club","Mason District Park #3 Front Turf","6621 Columbia Pike, Annandale, VA 22003",38.836914,-77.172502
"25","Annandale Boys & Girls Club","Ossian Hall Park RF #01 (turf)","7900 Heritage Drive, Annandale, VA 22003",38.832428,-77.210893
"26","Annandale Boys & Girls Club","Stuart HS Stadium","3301 Peace Valley Ln, Falls Church, VA 22044",38.857475,-77.151259
"27","Antietam United Soccer Club","Fountain Rock Elementary Field #1","17145 Lappans Road, Hagerstown, MD 21740",39.571799,-77.772927
"28","Antietam United Soccer Club","St. James School Grass Field #1","17641 College Road, Hagerstown, MD 21740",39.576669,-77.758343
"29","Antietam United Soccer Club","St. James School Turf Field","17641 College Road, Hagerstown, MD 21740",39.576669,-77.758343
"30","Arlington Soccer Association","Benjamin Banneker Park","6501 N. 16th Street, Arlington, VA 22205",38.881611,-77.15536
"31","Arlington Soccer Association","Fields Park","850 N. George Mason Drive, Arlington, VA 22207",38.887699,-77.128058
"32","Arlington Soccer Association","Greenbrier Pk Upper (Yorktown HS Stad.)","2700 Greenbrier Street, Arlington, VA 22207",38.900236,-77.139393
"33","Arlington Soccer Association","Gunston Middle School #1","2700 S Lang St, Arlington, VA 22206",38.848245,-77.067261
"34","Arlington Soccer Association","Kenmore MS Kenmore II","200 S Carlin Springs Road, Arlington, VA 22204",38.864486,-77.128729
"35","Arlington Soccer Association","Long Bridge Park #4","475 S. Old Jefferson Davis Highway, Arlington, VA 22207",38.895635,-77.140467
"36","Arlington Soccer Association","Long Bridge Park #4A","475 S. Old Jefferson Davis Highway, Arlington, VA 22207",38.895635,-77.140467
"37","Arlington Soccer Association","Long Bridge Park 3","475 S. Old Jefferson Davis Highway, Arlington, VA 22207",38.895635,-77.140467
"38","Arlington Soccer Association","Quincy Street","1019 N Quincy St, Arlington, VA 22201",38.883395,-77.10778
"39","Arlington Soccer Association","Virginia Highlands #2 (9v9)","1600 S. Hayes St, Arlington, VA 22202",38.858846,-77.059418
"40","Arlington Soccer Association","Washington-Lee HS Stadium","1301 N. Stafford Street, Arlington, VA 22201",38.887388,-77.111131
"41","Arlington Soccer Association","Williamsburg MS #1","3600 N Harrison St, Arlington, VA 22207",38.907654,-77.145992
"42","Arlington Soccer Association","Williamsburg MS 1A","3600 N Harrison St, Arlington, VA 22207",38.907654,-77.145992
"43","Arlington Soccer Association","Williamsburg MS 1B","3600 N Harrison St, Arlington, VA 22207",38.907654,-77.145992
"44","Arlington Soccer Association","Williamsburg MS 2A","3600 N Harrison St, Arlington, VA 22207",38.907654,-77.145992
"45","Arundel Soccer Association","Arundel HS Front Bermuda #2","1001 Annapolis Road, Gambrills, MD 21054",39.074306,-76.680313
"46","Arundel Soccer Association","Arundel HS Front Bermuda Field","1001 Annapolis Road, Gambrills, MD 21054",39.074306,-76.680313
"47","Arundel Soccer Association","Crownsville Hospital #3","105 Circle Dr, Crownsville, MD 21032",39.024795,-76.603485
"48","Arundel Soccer Association","Meade HS Field C","1100 Clark Road, Fort George G Meade, MD 20755",39.120626,-76.737258
"49","Arundel Soccer Association","Old Mill HS Turf Field","600 Patriot Ln, Millersville, MD 21108",39.117896,-76.626875
"50","Bethesda Soccer Club","Maryland SoccerPlex #14","18031 Central Park Circle, Boyds, MD 20841",39.137122,-77.180403
"51","Bethesda Soccer Club","Maryland SoccerPlex #15","18031 Central Park Circle, Boyds, MD 20841",39.137122,-77.180403
"52","Bethesda Soccer Club","Maryland SoccerPlex #16","18031 Central Park Circle, Boyds, MD 20841",39.137122,-77.180403
"53","Bethesda Soccer Club","Maryland SoccerPlex #22","18031 Central Park Circle, Boyds, MD 20841",39.137122,-77.180403
"54","Bethesda Soccer Club","Maryland SoccerPlex #3","18031 Central Park Circle, Boyds, MD 20841",39.137122,-77.180403
"55","Bethesda Soccer Club","Maryland SoccerPlex #4","18031 Central Park Circle, Boyds, MD 20841",39.137122,-77.180403
"56","Bethesda Soccer Club","Maryland SoccerPlex #7","18031 Central Park Circle, Boyds, MD 20841",39.137122,-77.180403
"57","Bethesda Soccer Club","Maryland SoccerPlex #9","18031 Central Park Circle, Boyds, MD 20841",39.137122,-77.180403
"58","Bethesda Soccer Club","Muldoons Farm #1","18911 Beallsville Road, Poolesville, MD 20837",39.166956,-77.41745
"59","Bethesda Soccer Club","Muldoons Farm #2","18911 Beallsville Road, Poolesville, MD 20837",39.166956,-77.41745
"60","Bethesda Soccer Club","Wootton High School #1 Turf","2100 Wootton Pkwy, Rockville, MD 20850",39.074981,-77.18222
"61","Braddock Road Youth Club","Robinson HS - Upper Turf Full","5035 Sideburn Rd, Fairfax, VA 22032",38.818277,-77.308684
"62","Braddock Road Youth Club","Robinson HS - Upper Turf SS1","5035 Sideburn Rd, Fairfax, VA 22032",38.818277,-77.308684
"63","Braddock Road Youth Club","Robinson HS Stadium","5035 Sideburn Rd, Fairfax, VA 22032",38.818277,-77.308684
"64","Braddock Road Youth Club","WT Woodson HS Stadium Turf","9525 Main St, Fairfax, VA 22032",38.841193,-77.273008
"65","Braddock Road Youth Club","WT Woodson HS West Turf - Full","9525 Main St, Fairfax, VA 22032",38.841193,-77.273008
"66","Braddock Road Youth Club","WT Woodson HS West Turf - SS1","9525 Main St, Fairfax, VA 22032",38.841193,-77.273008
"67","Broadneck SC","Broadneck Park A-Upper field","699 College Parkway, Annapolis, MD 21409",39.02713,-76.44487
"68","Broadneck SC","Broadneck Park B-Lower Field","699 College Parkway, Annapolis, MD 21409",39.02713,-76.44487
"69","Burke Athletic Club","Lake Braddock  Secondary School Bermuda Grass field","9200 Burke Lake Road, Burke, Va 22015",38.800503,-77.26586
"70","Burke Athletic Club","Lake Braddock  Secondary School Stadium Field","9200 Burke Lake Road, Burke, Va 22015",38.800503,-77.26586
"71","Burke Athletic Club","Lake Braddock  Secondary School Turf Field #2","9200 Burke Lake Road, Burke, Va 22015",38.800503,-77.26586
"72","Burke Athletic Club","Patriot Park (Fairfax) #1","12111 Braddock Road, Fairfax, VA 22030",38.829206,-77.36496
"73","Calvert Soccer Association","Church by the Chesapeake Field 2 Lower Field","3255 Broomes Island Road, Port Republic, MD 20676",38.488884,-76.538651
"74","Calvert Soccer Association","Dunkirk District Park #4","10750 Southern Maryland Blvd (MD Rt. 4), Dunkirk, MD 20754",38.722636,-76.660678
"75","Calvert Soccer Association","Dunkirk District Park #7","10750 Southern Maryland Blvd (MD Rt. 4), Dunkirk, MD 20754",38.722636,-76.660678
"76","Calvert Soccer Association","Hallowing Point Park #12","4755 Hallowing Point Rd, Prince Frederick, MD 20678",38.509243,-76.627975
"77","Calvert Soccer Association","Hallowing Point Park Back 22 (Field 7)","4755 Hallowing Point Rd, Prince Frederick, MD 20678",38.509243,-76.627975
"78","Calvert Soccer Association","Hallowing Point Park Back 22 (Field 8)","4755 Hallowing Point Rd, Prince Frederick, MD 20678",38.509243,-76.627975
"79","Calvert Soccer Association","St. John Vianney Catholic Church","105 Vianney Lane, Prince Frederick, MD 20678",38.537667,-76.581149
"80","Calverton Soccer Club","Fairland Aquatic Center soccer field","13820 Old Gunpowder Road, Laurel, MD 20707",39.079915,-76.919708
"81","Calverton Soccer Club","Fairland Center","13313 Old Columbia Pike, Silver Spring, MD 20904",39.074641,-76.958521
"82","Calverton Soccer Club","Fairland Rec Park #5 TURF","3928 Greencastle Rd, Burtonsville,, MD 20866",39.081263,-76.930495
"83","Calverton Soccer Club","Martin Luther King, Jr. Rec Park Turf","1120 Jackson Rd., Silver Spring, MD 20904",39.055504,-76.989663
"84","Calverton Soccer Club","Maryland SoccerPlex #15","18031 Central Park Circle, Boyds, MD 20841",39.137122,-77.180403
"85","Calverton Soccer Club","Maryland SoccerPlex #16","18031 Central Park Circle, Boyds, MD 20841",39.137122,-77.180403
"86","Calverton Soccer Club","Maryland SoccerPlex #22","18031 Central Park Circle, Boyds, MD 20841",39.137122,-77.180403
"87","Calverton Soccer Club","Maryland SoccerPlex #3","18031 Central Park Circle, Boyds, MD 20841",39.137122,-77.180403
"88","Calverton Soccer Club","William Tyler Page ES #1","13400 Tamarack Rd., Silver Spring, MD 20904",39.074947,-76.982909
"89","Chantilly Soccer Club","Fred Crabtree","2791 Fox Mill Rd, Herndon, VA 20171",38.914272,-77.364778
"90","Chantilly Soccer Club","Poplar Tree Park #2","4718 Stringfellow Road, Chantilly, VA 20152",38.862151,-77.405794
"91","Chantilly Youth Association","Arrowhead #1","5200 Arrowhead Park Dr., Centreville, VA 20122",38.846819,-77.403855
"92","Chantilly Youth Association","Chantilly High School Stadium Field","4201 Stringfellow Road, Chantilly, VA 20151",38.879477,-77.408676
"93","Chantilly Youth Association","Poplar Tree Park #3","4718 Stringfellow Road, Chantilly, VA 20152",38.862151,-77.405794
"94","Chantilly Youth Association","Sully Highlands 1A","13800 Wall Road, Oak Hill, VA 20171",38.916652,-77.42205
"95","Chantilly Youth Association","Sully Highlands 1B","13800 Wall Road, Oak Hill, VA 20171",38.916652,-77.42205
"96","Chantilly Youth Association","Sully Highlands 2","13800 Wall Road, Oak Hill, VA 20171",38.916652,-77.42205
"97","Chantilly Youth Association","Sully Highlands 2A","13800 Wall Road, Oak Hill, VA 20171",38.916652,-77.42205
"98","Chantilly Youth Association","Westfield HS Turf","4700 Stonecroft Blvd, Chantilly, VA 20151",38.884315,-77.462053
"99","Culpeper Soccer Club","Culpeper Complex #1","16332 Cyclone Way, Culpeper, VA 22701",38.558201,-78.056116
"100","Culpeper Soccer Club","Culpeper Complex #3","16332 Cyclone Way, Culpeper, VA 22701",38.558201,-78.056116
"101","Culpeper Soccer Club","Culpeper Complex #4","16332 Cyclone Way, Culpeper, VA 22701",38.558201,-78.056116
"102","D.C. Stoddert","Jelleff Recreation Center SS #1","3265 S Street, NW, Washington, DC 20007-2945",38.906889,-77.065466
"103","D.C. Stoddert","Maryland SoccerPlex #14","18031 Central Park Circle, Boyds, MD 20841",39.137122,-77.180403
"104","D.C. Stoddert","Maryland SoccerPlex #16","18031 Central Park Circle, Boyds, MD 20841",39.137122,-77.180403
"105","D.C. Stoddert","Maryland SoccerPlex #3","18031 Central Park Circle, Boyds, MD 20841",39.137122,-77.180403
"106","D.C. Stoddert","Maryland SoccerPlex #4","18031 Central Park Circle, Boyds, MD 20841",39.137122,-77.180403
"107","D.C. Stoddert","Maryland SoccerPlex #5","18031 Central Park Circle, Boyds, MD 20841",39.137122,-77.180403
"108","D.C. Stoddert","Palisades","5200 Sherier Place NW, Washington, DC 20016",38.925695,-77.103723
"109","D.C. Stoddert","Riggs LaSalle Community Center Field #1","501 Riggs Rd, NE, Washington, DC 20011",38.960193,-77.000112
"110","D.C. Stoddert","Shepherd ES","7800 14th St NW, Washington, DC 20012-1490",38.984145,-77.033412
"111","D.C. Stoddert","Sidwell Friends Turf","3825 Wisconsin Ave NW, Washington, DC 20016",38.939047,-77.07457
"112","Davidsonville Athletic Association SC","Davidsonville Park Field B","3042 Patuxent River Road, Davidsonville, MD 21035",38.943094,-76.678714
"113","Davidsonville Athletic Association SC","Davidsonville Park Field F","3042 Patuxent River Road, Davidsonville, MD 21035",38.943094,-76.678714
"114","Eastern Panhandle Inter County","Shepherd University Soccer Complex Field #1","675 University Dr, Shepherdstown, WV 25443",39.43967,-77.812018
"115","Eastern Panhandle Inter County","South Jefferson Park Field #1","4095 Leetown Rd., Summit Point, WV 25446",39.269505,-77.977711
"116","Fairfax Police Youth Club","Draper Drive Park Turf 1","9797 Beech Drive, Fairfax, VA 22031",38.682451,-77.137189
"117","Fairfax Police Youth Club","Draper Drive Park Turf 2","9797 Beech Drive, Fairfax, VA 22031",38.682451,-77.137189
"118","Fairfax Police Youth Club","Green Acres Center Field 1","4401 Sideburn Road, Fairfax, VA 22030",38.836079,-77.303983
"119","Fairfax Police Youth Club","Oak Marr Park Field #1","3200 Jermantown Road, Oakton, VA 22124",38.873807,-77.31448
"120","Fairfax Police Youth Club","Oakton HS 3R","2900 Sutton Rd., Vienna, VA 22181",38.881923,-77.28017
"121","Fairfax Police Youth Club","Stafford Drive Park Turf 1","3300 Stafford Dr, Fairfax, VA 22030",38.833396,-77.300404
"122","FC Frederick","Gov. Thomas Johnson MS # 3","1730 N Market St, Frederick, MD 21701",39.436034,-77.402543
"123","FC Frederick","Gov. Thomas Johnson MS #2","1730 N Market St, Frederick, MD 21701",39.436034,-77.402543
"124","FC Frederick","St. John's Catholic Prep #1","3989 Buckeystown Pike, Buckeystown, MD 21717",39.339819,-77.429966
"125","FCV ASHBURN","Bles Park #1","44830 Riverside Parkway, Ashburn, VA 20147",39.071225,-77.471634
"126","FCV ASHBURN","Bles Park #2","44830 Riverside Parkway, Ashburn, VA 20147",39.071225,-77.471634
"127","FCV ASHBURN","Bles Park #3A","44830 Riverside Parkway, Ashburn, VA 20147",39.071225,-77.471634
"128","FCV ASHBURN","Bles Park #4","44830 Riverside Parkway, Ashburn, VA 20147",39.071225,-77.471634
"129","Fredericksburg Soccer Club Inc","Bull Run Park #1","7700 Bull Run Dr, Centreville, VA 20121",38.802392,-77.490869
"130","Fredericksburg Soccer Club Inc","Bull Run Park #4","7700 Bull Run Dr, Centreville, VA 20121",38.802392,-77.490869
"131","Fredericksburg Soccer Club Inc","Patriot Park (Fredericksburg) #3","5710 Smith Station Road, Fredericksburg, VA 22407",38.202253,-77.533716
"132","Fredericksburg Soccer Club Inc","Patriot Park (Fredericksburg) #5","5710 Smith Station Road, Fredericksburg, VA 22407",38.202253,-77.533716
"133","Fredericksburg Soccer Club Inc","Patriot Park (Fredericksburg) #6","5710 Smith Station Road, Fredericksburg, VA 22407",38.202253,-77.533716
"134","Front Royal Soccer Association","Skyline Soccerplex Field 2- U-12","100 Kerfoot Ave., Front Royal, VA 22630",38.921256,-78.205312
"135","Front Royal Soccer Association","Skyline Soccerplex Field 3 U-14/Senior","100 Kerfoot Ave., Front Royal, VA 22630",38.921256,-78.205312
"136","Front Royal Soccer Association","Skyline Soccerplex Field 8 U 14/Senior","100 Kerfoot Ave., Front Royal, VA 22630",38.921256,-78.205312
"137","Future Soccer Club","Marlboro Meadows Field#1 Field 1","4428 Dery Rd, Upper Marlboro, MD 20772",38.828846,-76.70922
"138","Future Soccer Club","Maryland SoccerPlex #14","18031 Central Park Circle, Boyds, MD 20841",39.137122,-77.180403
"139","Future Soccer Club","Maryland SoccerPlex #15","18031 Central Park Circle, Boyds, MD 20841",39.137122,-77.180403
"140","Future Soccer Club","Maryland SoccerPlex #16","18031 Central Park Circle, Boyds, MD 20841",39.137122,-77.180403
"141","Future Soccer Club","Maryland SoccerPlex #17","18031 Central Park Circle, Boyds, MD 20841",39.137122,-77.180403
"142","Future Soccer Club","Maryland SoccerPlex #2","18031 Central Park Circle, Boyds, MD 20841",39.137122,-77.180403
"143","Future Soccer Club","Maryland SoccerPlex #22","18031 Central Park Circle, Boyds, MD 20841",39.137122,-77.180403
"144","Future Soccer Club","Maryland SoccerPlex #3","18031 Central Park Circle, Boyds, MD 20841",39.137122,-77.180403
"145","Future Soccer Club","Maryland SoccerPlex #4","18031 Central Park Circle, Boyds, MD 20841",39.137122,-77.180403
"146","Future Soccer Club","Maryland SoccerPlex #5","18031 Central Park Circle, Boyds, MD 20841",39.137122,-77.180403
"147","Future Soccer Club","Maryland SoccerPlex #7","18031 Central Park Circle, Boyds, MD 20841",39.137122,-77.180403
"148","Future Soccer Club","Maryland SoccerPlex #9","18031 Central Park Circle, Boyds, MD 20841",39.137122,-77.180403
"149","Future Soccer Club","Ridge Road Recreational Park Field #5 (Games Only)","21155 N Frederick Rd, Germantown, MD 20876",39.204041,-77.245939
"150","Great Falls SC","Baron Cameron Park #10A","11300 Baron Cameron Avenue, Reston, VA 20190",38.973532,-77.333702
"151","Great Falls SC","Baron Cameron Park #10B","11300 Baron Cameron Avenue, Reston, VA 20190",38.973532,-77.333702
"152","Great Falls SC","Grand Hamptons Park 1","1081 Safa Street, Herndon, VA 20170",39.007257,-77.362029
"153","Great Falls SC","Jones Branch Park #1 Large","8008 Jones Branch Road, Tysons, VA 22102",38.924718,-77.222389
"154","Great Falls SC","Lockmeade Park #1","1104 Riva Ridge Drive, Great Falls, VA 22066",38.987986,-77.317321
"155","Great Falls SC","Nike Park #4 (full-sided)","1085 Utterback Store Rd, Great Falls, VA 22066",38.993611,-77.329422
"156","Great Falls SC","Nike Park #7 (full-sided)","1085 Utterback Store Rd, Great Falls, VA 22066",38.993611,-77.329422
"157","Great Falls SC","Nike Park #8 (full-sided)","1085 Utterback Store Rd, Great Falls, VA 22066",38.993611,-77.329422
"158","Great Falls SC","Nike Park 4A","1085 Utterback Store Rd, Great Falls, VA 22066",38.993611,-77.329422
"159","Great Falls SC","Nike Park 4B","1085 Utterback Store Rd, Great Falls, VA 22066",38.993611,-77.329422
"160","Great Falls SC","Nike Park 7A","1085 Utterback Store Rd, Great Falls, VA 22066",38.993611,-77.329422
"161","Great Falls SC","Nike Park 7B","1085 Utterback Store Rd, Great Falls, VA 22066",38.993611,-77.329422
"162","Great Falls SC","Witter Fields Complex #1b","2600 Witter Street, Alexandria, VA 22314",38.813125,-77.039281
"163","Gunston Soccer Club","Grist Mill Park # 5A (U9-U12)","4710 Mount Vernon Memorial Highway, Alexandria, VA 22309",38.70777,-77.115377
"164","Gunston Soccer Club","Grist Mill Park # 5B (U9-U12)","4710 Mount Vernon Memorial Highway, Alexandria, VA 22309",38.70777,-77.115377
"165","Gunston Soccer Club","Grist Mill Park #4","4710 Mount Vernon Memorial Highway, Alexandria, VA 22309",38.70777,-77.115377
"166","Gunston Soccer Club","Grist Mill Park #4A (U9-12)","4710 Mount Vernon Memorial Highway, Alexandria, VA 22309",38.70777,-77.115377
"167","Gunston Soccer Club","Grist Mill Park #4B (U9-12)","4710 Mount Vernon Memorial Highway, Alexandria, VA 22309",38.70777,-77.115377
"168","Gunston Soccer Club","Mount Vernon High School RF#1","8515 Old Mt. Vernon Rd., Alexandria, VA 22309",38.725911,-77.094528
"169","Gunston Soccer Club","Mount Vernon High School Stadium","8515 Old Mt. Vernon Rd., Alexandria, VA 22309",38.725911,-77.094528
"170","Herndon Youth Soccer Association","Arrowbrook","2351 Feld Point Rd, Herndon, Va 20171",39.128712,-77.5383
"171","Herndon Youth Soccer Association","Bready Park(at Herndon Community Center) Bready Park # 1A","814 Ferndale Ave, Herndon, Va 20170",38.97112,-77.394497
"172","Herndon Youth Soccer Association","Bready Park(at Herndon Community Center) Bready Park # 1B","814 Ferndale Ave, Herndon, Va 20170",38.97112,-77.394497
"173","Herndon Youth Soccer Association","Herndon High School Auxiliary Field","700 Bennett Street, Herndon, Va 20170",38.98458,-77.374082
"174","Herndon Youth Soccer Association","Herndon High School Stadium Field","700 Bennett Street, Herndon, Va 20170",38.98458,-77.374082
"175","Herndon Youth Soccer Association","Hutchison Park #4 (Turf)","13209 Parcher Ave, Herndon, VA 20170",38.960398,-77.403585
"176","La Plata Soccer Academy","Bryantown Sports Complex #03","5665 Bryantown Road, Waldorf, MD 20601",38.557151,-76.84171
"177","La Plata Soccer Academy","Bryantown Sports Complex #12","5665 Bryantown Road, Waldorf, MD 20601",38.557151,-76.84171
"178","La Plata Soccer Academy","Laurel Spring Regional Park Regulation #1","5940 Radio Station Road, La Plata, MD 20646",38.546805,-76.948473
"179","La Plata Soccer Academy","Laurel Springs intermediate field #2","5940 Radio Station Road, La Plata Md, MD 20646",38.510926,-77.030238
"180","Laurel Soccer Club","Fairland Aquatic Center soccer field","13820 Old Gunpowder Road, Laurel, MD 20707",39.079915,-76.919708
"181","Laurel Soccer Club","Fairland Center","13313 Old Columbia Pike, Silver Spring, MD 20904",39.074641,-76.958521
"182","Laurel Soccer Club","Fairland Rec Park #5 TURF","3928 Greencastle Rd, Burtonsville,, MD 20866",39.081263,-76.930495
"183","Laurel Soccer Club","Maryland SoccerPlex #14","18031 Central Park Circle, Boyds, MD 20841",39.137122,-77.180403
"184","Laurel Soccer Club","Maryland SoccerPlex #16","18031 Central Park Circle, Boyds, MD 20841",39.137122,-77.180403
"185","Laurel Soccer Club","Maryland SoccerPlex #19a","18031 Central Park Circle, Boyds, MD 20841",39.137122,-77.180403
"186","Laurel Soccer Club","Maryland SoccerPlex #20a","18031 Central Park Circle, Boyds, MD 20841",39.137122,-77.180403
"187","Laurel Soccer Club","Maryland SoccerPlex #3","18031 Central Park Circle, Boyds, MD 20841",39.137122,-77.180403
"188","Laurel Soccer Club","William Tyler Page ES #1","13400 Tamarack Rd., Silver Spring, MD 20904",39.074947,-76.982909
"189","Lee-Mt. Vernon Sports Club","Bull Run Park #1","7700 Bull Run Dr, Centreville, VA 20121",38.802392,-77.490869
"190","Lee-Mt. Vernon Sports Club","Edison HS Aux Right","5801 Franconia Road, Alexandria, VA 22310",38.784071,-77.132531
"191","Lee-Mt. Vernon Sports Club","Edison High School Stadium Field","5801 Franconia Road, Alexandria, VA 22310",38.784071,-77.132531
"192","Lee-Mt. Vernon Sports Club","Lee District Park #4 Left","6601 Telegraph Road, Alexandria, VA 22310",38.773422,-77.112776
"193","Lee-Mt. Vernon Sports Club","Lee District Park #4 Right","6601 Telegraph Road, Alexandria, VA 22310",38.773422,-77.112776
"194","Lee-Mt. Vernon Sports Club","Lee District Park Lee District","6601 Telegraph Road, Alexandria, VA 22310",38.773422,-77.112776
"195","Lee-Mt. Vernon Sports Club","West Potomac HS Stadium","6500 Quander Road,, Alexandria, VA 22308",38.777955,-77.069837
"196","Leesburg Football Club","Evergreen Sportsplex #2","19623 Evergreen Mill Road, Leesburg, VA",39.089658,-77.571443
"197","Leesburg Football Club","Morven Park #1","41793 Tutt Lane, Leesburg, VA 20176",39.14607,-77.55816
"198","Leesburg Football Club","Morven Park #2","41793 Tutt Lane, Leesburg, VA 20176",39.14607,-77.55816
"199","Leesburg Football Club","Morven Park #3","41793 Tutt Lane, Leesburg, VA 20176",39.14607,-77.55816
"200","Leesburg Football Club","Morven Park #5A","41793 Tutt Lane, Leesburg, VA 20176",39.14607,-77.55816
"201","Loudoun Soccer","Byrnes Ridge #4","24915 Mineral Springs Circle, Aldie, VA 20105",38.928293,-77.552023
"202","Loudoun Soccer","Byrnes Ridge #5","24915 Mineral Springs Circle, Aldie, VA 20105",38.928293,-77.552023
"203","Loudoun Soccer","Conklin Park #2","25701 Donegal Drive, Chantilly, VA 20152",38.909615,-77.523422
"204","Loudoun Soccer","Conklin Park #3","25701 Donegal Drive, Chantilly, VA 20152",38.909615,-77.523422
"205","Loudoun Soccer","Eastgate Park #1","43664 Tall Cedars Parkway, Chantilly, VA",38.932825,-77.544356
"206","Loudoun Soccer","Lyndora #2A","43624 Lucketts Bridge Circle, Ashburn, VA 20148",38.991817,-77.496729
"207","Loudoun Soccer","Riverside HS #2","19019 Upper Belmont Pl, Leesburg, VA 20176",39.086497,-77.491949
"208","Loudoun Soccer","Riverside HS Stadium","19019 Upper Belmont Pl, Leesburg, VA 20176",39.086497,-77.491949
"209","Maryland Rush","Bates Heritage Turf","121 S. Villa Ave., Annapolis, MD 21401",38.99955,-76.562657
"210","Maryland Rush","Weems-Whalen Field at Bates Athletic Complex","935 Spa Rd, Annapolis, MD 21401",38.973627,-76.509308
"211","Maryland Rush Montgomery","Maryland SoccerPlex #12","18031 Central Park Circle, Boyds, MD 20841",39.137122,-77.180403
"212","Maryland Rush Montgomery","Maryland SoccerPlex #13","18031 Central Park Circle, Boyds, MD 20841",39.137122,-77.180403
"213","Maryland Rush Montgomery","Maryland SoccerPlex #13b","18031 Central Park Circle, Boyds, MD 20841",39.137122,-77.180403
"214","Maryland Rush Montgomery","Maryland SoccerPlex #14","18031 Central Park Circle, Boyds, MD 20841",39.137122,-77.180403
"215","Maryland Rush Montgomery","Maryland SoccerPlex #15","18031 Central Park Circle, Boyds, MD 20841",39.137122,-77.180403
"216","Maryland Rush Montgomery","Maryland SoccerPlex #16","18031 Central Park Circle, Boyds, MD 20841",39.137122,-77.180403
"217","Maryland Rush Montgomery","Maryland SoccerPlex #17","18031 Central Park Circle, Boyds, MD 20841",39.137122,-77.180403
"218","Maryland Rush Montgomery","Maryland SoccerPlex #19a","18031 Central Park Circle, Boyds, MD 20841",39.137122,-77.180403
"219","Maryland Rush Montgomery","Maryland SoccerPlex #2","18031 Central Park Circle, Boyds, MD 20841",39.137122,-77.180403
"220","Maryland Rush Montgomery","Maryland SoccerPlex #20a","18031 Central Park Circle, Boyds, MD 20841",39.137122,-77.180403
"221","Maryland Rush Montgomery","Maryland SoccerPlex #22","18031 Central Park Circle, Boyds, MD 20841",39.137122,-77.180403
"222","Maryland Rush Montgomery","Maryland SoccerPlex #3","18031 Central Park Circle, Boyds, MD 20841",39.137122,-77.180403
"223","Maryland Rush Montgomery","Maryland SoccerPlex #4","18031 Central Park Circle, Boyds, MD 20841",39.137122,-77.180403
"224","Maryland Rush Montgomery","Maryland SoccerPlex #5","18031 Central Park Circle, Boyds, MD 20841",39.137122,-77.180403
"225","Maryland Rush Montgomery","Maryland SoccerPlex #6","18031 Central Park Circle, Boyds, MD 20841",39.137122,-77.180403
"226","Maryland Rush Montgomery","Maryland SoccerPlex #6a","18031 Central Park Circle, Boyds, MD 20841",39.137122,-77.180403
"227","Maryland Rush Montgomery","Maryland SoccerPlex #7a","18031 Central Park Circle, Boyds, MD 20841",39.137122,-77.180403
"228","Maryland Rush Montgomery","Maryland SoccerPlex #7b","18031 Central Park Circle, Boyds, MD 20841",39.137122,-77.180403
"229","Maryland Rush Montgomery","Maryland SoccerPlex #9","18031 Central Park Circle, Boyds, MD 20841",39.137122,-77.180403
"230","McLean Youth Incorporated","Lewinsville Park #2","1659 Chainbridge Rd, McLean, VA 22101",38.92958,-77.188549
"231","McLean Youth Incorporated","Linway Terrace Park #1","6246 Linway Terrace, McLean, VA 22101",38.923995,-77.152667
"232","McLean Youth Incorporated","Police Field RF #1","1437 Balls Hills Rd, McLean, VA 22101",38.916378,-77.155901
"233","McLean Youth Incorporated","Spring Hill #5A","1239 Spring Hill Rd, McLean, VA 22102",38.946923,-77.22806
"234","McLean Youth Incorporated","Spring Hill Rec Center #5","1239 Springhill Rd, McLean, VA 22101",38.934411,-77.185822
"235","McLean Youth Incorporated","Spring Hill Rec Center USSF Field # 2","1239 Springhill Rd, McLean, VA 22101",38.934411,-77.185822
"236","Montgomery Soccer Inc.","Maryland SoccerPlex #12b","18031 Central Park Circle, Boyds, MD 20841",39.137122,-77.180403
"237","Montgomery Soccer Inc.","Maryland SoccerPlex #13b","18031 Central Park Circle, Boyds, MD 20841",39.137122,-77.180403
"238","Montgomery Soccer Inc.","Maryland SoccerPlex #14","18031 Central Park Circle, Boyds, MD 20841",39.137122,-77.180403
"239","Montgomery Soccer Inc.","Maryland SoccerPlex #15","18031 Central Park Circle, Boyds, MD 20841",39.137122,-77.180403
"240","Montgomery Soccer Inc.","Maryland SoccerPlex #15b","18031 Central Park Circle, Boyds, MD 20841",39.137122,-77.180403
"241","Montgomery Soccer Inc.","Maryland SoccerPlex #16","18031 Central Park Circle, Boyds, MD 20841",39.137122,-77.180403
"242","Montgomery Soccer Inc.","Maryland SoccerPlex #19a","18031 Central Park Circle, Boyds, MD 20841",39.137122,-77.180403
"243","Montgomery Soccer Inc.","Maryland SoccerPlex #2","18031 Central Park Circle, Boyds, MD 20841",39.137122,-77.180403
"244","Montgomery Soccer Inc.","Maryland SoccerPlex #20a","18031 Central Park Circle, Boyds, MD 20841",39.137122,-77.180403
"245","Montgomery Soccer Inc.","Maryland SoccerPlex #22","18031 Central Park Circle, Boyds, MD 20841",39.137122,-77.180403
"246","Montgomery Soccer Inc.","Maryland SoccerPlex #3","18031 Central Park Circle, Boyds, MD 20841",39.137122,-77.180403
"247","Montgomery Soccer Inc.","Maryland SoccerPlex #5","18031 Central Park Circle, Boyds, MD 20841",39.137122,-77.180403
"248","Montgomery Soccer Inc.","Maryland SoccerPlex #6","18031 Central Park Circle, Boyds, MD 20841",39.137122,-77.180403
"249","Montgomery Soccer Inc.","Maryland SoccerPlex #6a","18031 Central Park Circle, Boyds, MD 20841",39.137122,-77.180403
"250","Montgomery Soccer Inc.","Maryland SoccerPlex #7","18031 Central Park Circle, Boyds, MD 20841",39.137122,-77.180403
"251","Montgomery Soccer Inc.","Maryland SoccerPlex #7a","18031 Central Park Circle, Boyds, MD 20841",39.137122,-77.180403
"252","Montgomery Soccer Inc.","Maryland SoccerPlex #7b","18031 Central Park Circle, Boyds, MD 20841",39.137122,-77.180403
"253","Northern Virginia Soccer Club","Hellwig Park #3","14420 Bristow Road, Manassas, VA 20112",38.641593,-77.449341
"254","Northern Virginia Soccer Club","Hellwig Park #7","14420 Bristow Road, Manassas, VA 20112",38.641593,-77.449341
"255","Northern Virginia Soccer Club","Hellwig Park #8","14420 Bristow Road, Manassas, VA 20112",38.641593,-77.449341
"256","Northern Virginia Soccer Club","Hellwig Park #8A","14420 Bristow Road, Manassas, VA 20112",38.641593,-77.449341
"257","Northern Virginia Soccer Club","Valley View #2","11930 Valley View Drive, Bristow, VA 20136",38.70321,-77.533188
"258","Northern Virginia Soccer Club","Valley View #5","11930 Valley View Drive, Bristow, VA 20136",38.70321,-77.533188
"259","OBGC","OBGC Community Park #1A","4501 Route 108, Olney, MD 20832",39.169469,-77.090871
"260","OBGC","OBGC Community Park #2A","4501 Route 108, Olney, MD 20832",39.169469,-77.090871
"261","OBGC","OBGC Community Park #2B","4501 Route 108, Olney, MD 20832",39.169469,-77.090871
"262","OBGC","OBGC Community Park #4","4501 Route 108, Olney, MD 20832",39.169469,-77.090871
"263","Old Dominion Football Club","Freedom HS Practice Field","25450 Riding Center Drive, South Riding, VA 20152",38.907266,-77.538832
"264","Old Dominion Football Club","John Champe HS A small","41535 Sacred Mountain Street, Aldie, VA 20105",39.197848,-77.717081
"265","Old Dominion Football Club","John Champe HS B small","41535 Sacred Mountain Street, Aldie, VA 20105",39.197848,-77.717081
"266","Old Dominion Football Club","John Champe HS Turf 2","41535 Sacred Mountain Street, Aldie, VA 20105",39.197848,-77.717081
"267","Old Dominion Football Club","Rock Ridge HS Stadium Turf","43460 Loudoun Reserve Drive, Ashburn, VA 20148",38.976914,-77.50907
"268","Potomac Soccer Association","Greenbriar Local Park #1","12525 Glen rRd, Travillah, MD 20854",39.067276,-77.258074
"269","Potomac Soccer Association","Maryland SoccerPlex #13","18031 Central Park Circle, Boyds, MD 20841",39.137122,-77.180403
"270","Potomac Soccer Association","Maryland SoccerPlex #13b","18031 Central Park Circle, Boyds, MD 20841",39.137122,-77.180403
"271","Potomac Soccer Association","Maryland SoccerPlex #14","18031 Central Park Circle, Boyds, MD 20841",39.137122,-77.180403
"272","Potomac Soccer Association","Maryland SoccerPlex #15","18031 Central Park Circle, Boyds, MD 20841",39.137122,-77.180403
"273","Potomac Soccer Association","Maryland SoccerPlex #19a","18031 Central Park Circle, Boyds, MD 20841",39.137122,-77.180403
"274","Potomac Soccer Association","Maryland SoccerPlex #20a","18031 Central Park Circle, Boyds, MD 20841",39.137122,-77.180403
"275","Potomac Soccer Association","Maryland SoccerPlex #22","18031 Central Park Circle, Boyds, MD 20841",39.137122,-77.180403
"276","Potomac Soccer Association","Maryland SoccerPlex #3","18031 Central Park Circle, Boyds, MD 20841",39.137122,-77.180403
"277","Potomac Soccer Association","Maryland SoccerPlex #4","18031 Central Park Circle, Boyds, MD 20841",39.137122,-77.180403
"278","Potomac Soccer Association","Maryland SoccerPlex #7","18031 Central Park Circle, Boyds, MD 20841",39.137122,-77.180403
"279","Potomac Soccer Association","Maryland SoccerPlex #9","18031 Central Park Circle, Boyds, MD 20841",39.137122,-77.180403
"280","Potomac Soccer Association","Maryland SoccerPlex #9b","18031 Central Park Circle, Boyds, MD 20841",39.137122,-77.180403
"281","Potomac Soccer Association","Muldoons Farm #5","18911 Beallsville Road, Poolesville, MD 20837",39.166956,-77.41745
"282","Premier Athletics Club","Falls Church HS Practice Field","7521 Jaguar Trail, Falls Church, VA 22042",38.863217,-77.20779
"283","Premier Athletics Club","Falls Church HS Stadium","7521 Jaguar Trail, Falls Church, VA 22042",38.863217,-77.20779
"284","Premier Athletics Club","Luther Jackson Middle School #2","3020 Gallows Road, Falls Church, VA 22042",38.86809,-77.227465
"285","Premier Athletics Club","Luther Jackson Middle School #3","3020 Gallows Road, Falls Church, VA 22042",38.86809,-77.227465
"286","Premier Athletics Club","Shrevewood ES #1 (large)","7525 Shreve Road, Falls Church, VA 22043",38.889275,-77.206867
"287","Premier Athletics Club","Shrevewood ES #2 (small)","7525 Shreve Road, Falls Church, VA 22043",38.889275,-77.206867
"288","Premier Athletics Club","Shrevewood ES #3 (small)","7525 Shreve Road, Falls Church, VA 22043",38.889275,-77.206867
"289","Prince William Soccer Club","Chinn Park #1","13001 Chinn Park Dr, Woodbridge, VA 22192",38.671223,-77.33093
"290","Prince William Soccer Club","Chinn Park #2","13001 Chinn Park Dr, Woodbridge, VA 22192",38.671223,-77.33093
"291","Prince William Soccer Club","Howison Park #1A","14716 Minnieville Road, Woodbridge, VA 22193",38.632035,-77.394756
"292","Prince William Soccer Club","Howison Park #1B","14716 Minnieville Road, Woodbridge, VA 22193",38.632035,-77.394756
"293","Prince William Soccer Club","Howison Park #2B","14716 Minnieville Road, Woodbridge, VA 22193",38.632035,-77.394756
"294","Prince William Soccer Club","Howison Park #3A","14716 Minnieville Road, Woodbridge, VA 22193",38.632035,-77.394756
"295","Prince William Soccer Club","Howison Park #3B","14716 Minnieville Road, Woodbridge, VA 22193",38.632035,-77.394756
"296","Prince William Soccer Club","Tyrell Park Field #2","14350 Veterans Drive, Woodbridge, VA 22191",38.643521,-77.248754
"297","Prince William Soccer Club","Tyrell Park Field #4","14350 Veterans Drive, Woodbridge, VA 22191",38.643521,-77.248754
"298","Reston Soccer Association","Lake Fairfax #1","1400 Lake Fairfax Dr, Reston, VA 20190",38.965302,-77.316242
"299","Reston Soccer Association","Lake Fairfax #4","1400 Lake Fairfax Dr, Reston, VA 20190",38.965302,-77.316242
"300","Reston Soccer Association","South Lakes High School Stadium Field","11400 South Lakes Drive, Reston, VA 20191",38.931199,-77.338304
"301","Reston Soccer Association","South Lakes High School Upper Field #1A (Langston Hughes MS)","11400 South Lakes Drive, Reston, VA 20191",38.931199,-77.338304
"302","Reston Soccer Association","South Lakes High School Upper Field #1B (Langston Hughes MS)","11400 South Lakes Drive, Reston, VA 20191",38.931199,-77.338304
"303","Reston Soccer Association","South Lakes High School Upper Field 11v11 (Langston Hughes MS)","11400 South Lakes Drive, Reston, VA 20191",38.931199,-77.338304
"304","Severna Park Athletic Association","Kinder Park Kinder Middle","1 Gali Sanchez Way, Millersville, MD 21108",39.096409,-76.586173
"305","Severna Park Athletic Association","Kinder Park Lower Kinder 1","1 Gali Sanchez Way, Millersville, MD 21108",39.096409,-76.586173
"306","Severna Park Athletic Association","Kinder Park Upper Kinder A","1 Gali Sanchez Way, Millersville, MD 21108",39.096409,-76.586173
"307","Severna Park Athletic Association","Kinder Park Upper Kinder A/B Full Sided","1 Gali Sanchez Way, Millersville, MD 21108",39.096409,-76.586173
"308","Soccer Association Of Columbia","Covenant Park #1","4560 Centennial Lane, Ellicott City, MD 21042",39.245053,-76.867443
"309","Soccer Association Of Columbia","Covenant Park #3","4560 Centennial Lane, Ellicott City, MD 21042",39.245053,-76.867443
"310","Soccer Association Of Columbia","Covenant Park #4","4560 Centennial Lane, Ellicott City, MD 21042",39.245053,-76.867443
"311","Soccer Association Of Columbia","Covenant Park #5","4560 Centennial Lane, Ellicott City, MD 21042",39.245053,-76.867443
"312","Soccer Association Of Columbia","Covenant Park #6","4560 Centennial Lane, Ellicott City, MD 21042",39.245053,-76.867443
"313","Soccer Association Of Columbia","Covenant Park #9A","4560 Centennial Lane, Ellicott City, MD 21042",39.245053,-76.867443
"314","Soccer Association Of Columbia","Covenant Park 1 B","4560 Centennial Lane, Ellicott City, MD 21042",39.245053,-76.867443
"315","Soccer Association Of Columbia","Howard CC #1","10901 Little Patuxent Parkway, Columbia, MD 21044",39.215961,-76.884079
"316","Soccer Association Of Columbia","Howard CC #4A","10901 Little Patuxent Parkway, Columbia, MD 21044",39.215961,-76.884079
"317","South County Athletic Association","South County HS Stadium Turf","8501 Silverbrook RD, Lorton, VA 22079",38.719611,-77.237881
"318","South County Athletic Association","South County HS Track Field","8501 Silverbrook RD, Lorton, VA 22079",38.719611,-77.237881
"319","South County Athletic Association","South County MS Turf #2A (small sided)","8700 Laurel Crest Dr, Lorton, VA 22079",38.71851,-77.233031
"320","South County Athletic Association","South County MS Turf #2B (small sided)","8700 Laurel Crest Dr, Lorton, VA 22079",38.71851,-77.233031
"321","Springfield South County Youth Club","Hayfield High School Practice Turf","7630 Telegraph Rd, Alexandria, VA 22315",38.750999,-77.140602
"322","Springfield South County Youth Club","Hayfield High School Practice Turf #A","7630 Telegraph Rd, Alexandria, VA 22315",38.750999,-77.140602
"323","Springfield South County Youth Club","Hayfield High School Practice Turf #B","7630 Telegraph Rd, Alexandria, VA 22315",38.750999,-77.140602
"324","Springfield South County Youth Club","Hayfield High School Stadium","7630 Telegraph Rd, Alexandria, VA 22315",38.750999,-77.140602
"325","Springfield South County Youth Club","Hooes Road Park #2","7233 Hooes Road, Springfield, VA 22150",38.763769,-77.187225
"326","Springfield South County Youth Club","Hooes Road Park #3","7233 Hooes Road, Springfield, VA 22150",38.763769,-77.187225
"327","Springfield South County Youth Club","Hooes Road Park #4A","7233 Hooes Road, Springfield, VA 22150",38.763769,-77.187225
"328","Springfield South County Youth Club","Loisdale Park Field 1 - Turf","7601 Loisdale Road, Springfield, VA 22150",38.751912,-77.183757
"329","Springfield South County Youth Club","Rolling Valley West Park #2 - Turf","6512 Sydenstricker Road, Burke, VA 22015",38.775688,-77.267894
"330","Springfield South County Youth Club","South Run Field 6","7550 Reservation Dr, Springfield, VA",38.751854,-77.274419
"331","St Mary's Soccer","Chancellors Run Reg Park #1","21905 Chancellors Run Road, Great Mills, MD 20634",38.275954,-76.49471
"332","St Mary's Soccer","Chancellors Run Reg Park #2","21905 Chancellors Run Road, Great Mills, MD 20634",38.275954,-76.49471
"333","St Mary's Soccer","Chancellors Run Reg Park #3","21905 Chancellors Run Road, Great Mills, MD 20634",38.275954,-76.49471
"334","St Mary's Soccer","Chancellors Run Reg Park #4","21905 Chancellors Run Road, Great Mills, MD 20634",38.275954,-76.49471
"335","St Mary's Soccer","Chancellors Run Reg Park #4B","21905 Chancellors Run Road, Great Mills, MD 20634",38.275954,-76.49471
"336","St Mary's Soccer","Chaptico Park Field 2","26600 Budds Creek Road, Mechanicsville, MD 20659",38.373008,-76.808487
"337","St Mary's Soccer","St. Mary's Ryken High School Turf","22600 Camp Calvert Road, Leonardtown, MD 20650",38.28401,-76.629801
"338","Stafford Soccer Club","Duff Green Park #2","75 James Ashby Pkwy, Fredericksburg, VA 22405",37.653258,-76.414315
"339","Stafford Soccer Club","Embrey Mill Park Field #1","1600 Mine Road, Stafford, VA 22554",38.464947,-77.419792
"340","Stafford Soccer Club","Embrey Mill Park Field #2","1600 Mine Road, Stafford, VA 22554",38.464947,-77.419792
"341","Stafford Soccer Club","Embrey Mill Park Field #3","1600 Mine Road, Stafford, VA 22554",38.464947,-77.419792
"342","Stafford Soccer Club","Embrey Mill Park Field #4A","1600 Mine Road, Stafford, VA 22554",38.464947,-77.419792
"343","Stafford Soccer Club","Embrey Mill Park Field #4B","1600 Mine Road, Stafford, VA 22554",38.464947,-77.419792
"344","Stafford Soccer Club","Embrey Mill Park Field #6","1600 Mine Road, Stafford, VA 22554",38.464947,-77.419792
"345","Stafford Soccer Club","Embrey Mill Park Field #7","1600 Mine Road, Stafford, VA 22554",38.464947,-77.419792
"346","Stafford Soccer Club","Embrey Mill Park Field #8","1600 Mine Road, Stafford, VA 22554",38.464947,-77.419792
"347","Stafford Soccer Club","Witter Fields Complex #2","2600 Witter Street, Alexandria, VA 22314",38.813125,-77.039281
"348","Sterling Youth Soccer Association","Potomac Lakes-Paul Hencken Paul Hencken 10","20280 Cascades Parkway, Sterling, VA 20165",39.054282,-77.381757
"349","Sterling Youth Soccer Association","Potomac Lakes-Paul Hencken Paul Hencken 6","20280 Cascades Parkway, Sterling, VA 20165",39.054282,-77.381757
"350","Sterling Youth Soccer Association","Potomac Lakes-Paul Hencken Paul Hencken 7","20280 Cascades Parkway, Sterling, VA 20165",39.054282,-77.381757
"351","Takoma Park","Fairland Center","13313 Old Columbia Pike, Silver Spring, MD 20904",39.074641,-76.958521
"352","Takoma Park","Martin Luther King, Jr. Rec Park Field #4","1120 Jackson Rd., Silver Spring, MD 20904",39.055504,-76.989663
"353","Takoma Park","Montgomery Blair HS","51 East, University Blvd, Silver Spring, MD 20901",39.019455,-77.010928
"354","Takoma Park","William Tyler Page ES #1","13400 Tamarack Rd., Silver Spring, MD 20904",39.074947,-76.982909
"355","Team America Football Club","Falls Church HS Rear Field - Turf","7521 Jaguar Trail, Falls Church, VA 22042",38.863217,-77.20779
"356","Team America Football Club","Falls Church HS Stadium","7521 Jaguar Trail, Falls Church, VA 22042",38.863217,-77.20779
"357","Team America Football Club","Ossian Hall Park RF #01 (turf)","7900 Heritage Drive, Annandale, VA 22003",38.832428,-77.210893
"358","Team America Football Club","Plum Ctr ( old Edsall Park Ctr) RF #1","6815 Edsall Road, Springfield, VA 22151",38.806817,-77.182347
"359","Thunder Soccer Club","Glenelg High School Field 01","14025 Burntwoods Rd, Glenelg, MD 21737",39.276671,-77.003593
"360","Thunder Soccer Club","Hammond High School Turf Field","8800 Guilford Road, Columbia, MD 21046",39.168566,-76.859518
"361","Thunder Soccer Club","Hawthorn Park A","6195 Sunny Spring, Columbia, MD 21044",39.205937,-76.883718
"362","Thunder Soccer Club","Hawthorn Park B","6195 Sunny Spring, Columbia, MD 21044",39.205937,-76.883718
"363","Thunder Soccer Club","Reservoir High School Field 1 (turf)","11550 Scaggsville Road, Fulton, MD 20759",39.150033,-76.915211
"364","Tri-County Soccer Club","Dupont Soccer Complex Field 7 (full sided)","499 Campus Drive, Martinsburg, WV 25404",39.538996,-77.901681
"365","Tri-County Soccer Club","Morgan Grove Park Field 1 Small Sided (u10)","4198 kearneysville pike, shepherdstown, wv 25443",39.423311,-77.820357
"366","Tri-County Soccer Club","Morgan Grove Park Field 2  Small Sided (u12)","4198 kearneysville pike, shepherdstown, wv 25443",39.423311,-77.820357
"367","Tri-County Soccer Club","Spring Mills High School Turf Field","499 Campus Drive, Martinsburg, WV 25404",39.538996,-77.901681
"368","VA Indpt Soccer Team Assoc.","Bull Run Park #1","7700 Bull Run Dr, Centreville, VA 20121",38.802392,-77.490869
"369","VA Indpt Soccer Team Assoc.","Bull Run Park #3A","7700 Bull Run Dr, Centreville, VA 20121",38.802392,-77.490869
"370","VA Indpt Soccer Team Assoc.","Bull Run Park #4","7700 Bull Run Dr, Centreville, VA 20121",38.802392,-77.490869
"371","VA Indpt Soccer Team Assoc.","Culpeper Complex #3","16332 Cyclone Way, Culpeper, VA 22701",38.558201,-78.056116
"372","VA Indpt Soccer Team Assoc.","Culpeper Complex #3","16332 Cyclone Way, Culpeper, VA 22701",38.558201,-78.056116
"373","VA Indpt Soccer Team Assoc.","Culpeper Complex #4","16332 Cyclone Way, Culpeper, VA 22701",38.558201,-78.056116
"374","VA Indpt Soccer Team Assoc.","Culpeper Complex #4","16332 Cyclone Way, Culpeper, VA 22701",38.558201,-78.056116
"375","VA Indpt Soccer Team Assoc.","Highland School Turf","597 Broadview Avenue, Warrenton, VA 20186",38.73281,-77.802734
"376","VA Indpt Soccer Team Assoc.","Kettle Run High School Practice Field","7575 Rogues Rd, Nokesville, VA 20181",38.732309,-77.687494
"377","VA Indpt Soccer Team Assoc.","Shenandoah University Aikens Field","1460 University Dr, Winchester, VA 22601",39.166177,-78.159572
"378","Vienna Youth Soccer","Colvin Run ES Field #1","1400 Trap Road, Vienna, VA 22182",38.945224,-77.264926
"379","Vienna Youth Soccer","Dunn Loring #1","2334 Gallows Rd, Dunn Loring, VA 22027",38.895171,-77.22524
"380","Vienna Youth Soccer","Freedom Hill ES 1","1945 Lord Fairfax Road, Vienna, VA",38.911259,-77.230355
"381","Vienna Youth Soccer","James Madison HS","2500 James Madison Dr, Vienna, VA 22181",38.895865,-77.277639
"382","Vienna Youth Soccer","Jones Branch Park #2 Small","8008 Jones Branch Road, Tysons, VA 22102",38.924718,-77.222389
"383","Vienna Youth Soccer","Luther Jackson Middle School #1","3020 Gallows Road, Falls Church, VA 22042",38.86809,-77.227465
"384","Vienna Youth Soccer","Marshall High School Soccer Field #1","7731 Leesburg Pike, Falls Church, VA 22043",38.908034,-77.213095
"385","Vienna Youth Soccer","Oak Marr Park Field #2","3200 Jermantown Road, Oakton, VA 22124",38.873807,-77.31448
"386","Vienna Youth Soccer","Oakton HS 3","2900 Sutton Rd., Vienna, VA 22181",38.881923,-77.28017
"387","Vienna Youth Soccer","Oakton HS 3L","2900 Sutton Rd., Vienna, VA 22181",38.881923,-77.28017
"388","Vienna Youth Soccer","Oakton HS 3R","2900 Sutton Rd., Vienna, VA 22181",38.881923,-77.28017
"389","Vienna Youth Soccer","Oakton HS Stadium Turf","2900 Sutton Road, Vienna, VA 22181",38.881923,-77.28017
"390","Virginia Soccer Association","Long Park #2","4603 James Madison Hwy, Haymarket, VA 20169",38.855814,-77.637931
"391","Virginia Soccer Association","Long Park #2A","4603 James Madison Hwy, Haymarket, VA 20169",38.855814,-77.637931
"392","Virginia Soccer Association","Long Park Turf #5","4603 James Madison Hwy, Haymarket, VA 20169",38.855814,-77.637931
"393","Virginia Soccer Association","Long Park Turf #5A","4603 James Madison Hwy, Haymarket, VA 20169",38.855814,-77.637931
"394","Virginia Soccer Association","Long Park Turf #6","4603 James Madison Hwy, Haymarket, VA 20169",38.855814,-77.637931
"395","Virginia Soccer Association","Long Park Turf #6A","4603 James Madison Hwy, Haymarket, VA 20169",38.855814,-77.637931
"396","Virginia Soccer Association","Long Park Turf #7","4603 James Madison Hwy, Haymarket, VA 20169",38.855814,-77.637931
"397","Virginia Soccer Association","Patriot High School Stadium Turf Field","10504 Kettle Run Rd, Nokesville, VA 20181",38.727428,-77.577595
"398","Waldorf Soccer Club","Bryantown Sports Complex #03","5665 Bryantown Road, Waldorf, MD 20601",38.557151,-76.84171
"399","Waldorf Soccer Club","Bryantown Sports Complex #06","5665 Bryantown Road, Waldorf, MD 20601",38.557151,-76.84171
"400","Waldorf Soccer Club","Bryantown Sports Complex #08","5665 Bryantown Road, Waldorf, MD 20601",38.557151,-76.84171
"401","Waldorf Soccer Club","Bryantown Sports Complex #12","5665 Bryantown Road, Waldorf, MD 20601",38.557151,-76.84171
"402","Winchester Youth Soccer Club","Handley High School Full size turf","425 Handley Blvd, Winchester, VA 22601",39.178796,-78.175489
"403","Winchester Youth Soccer Club","Sherando #2","255 Lakeview Cir, Stephens City, VA 22655",39.073862,-78.184039
"404","Winchester Youth Soccer Club","Sherando #3","255 Lakeview Cir, Stephens City, VA 22655",39.073862,-78.184039
"405","Winchester Youth Soccer Club","Sherando #6 small","255 Lakeview Cir, Stephens City, VA 22655",39.073862,-78.184039
"406","Winchester Youth Soccer Club","Sherando #7 small","255 Lakeview Cir, Stephens City, VA 22655",39.073862,-78.184039
"407","Winchester Youth Soccer Club","Sherando 1-A","255 Lakeview Cir, Stephens City, VA 22655",39.073862,-78.184039
"408","Woodbridge Soccer Club","Lake Ridge Middle School Football/Soccer Field","12350 Mohican Rd, Woodbridge, VA 22192",38.68507,-77.304076
"409","AC Cugini","Friends Meeting School Field 1","3232 Green Valley Road, Ijamsville, MD 21754",39.320766,-77.284353
"410","Damascus Soccer Club","Maryland SoccerPlex #14","18031 Central Park Circle, Boyds, MD 20841",39.137122,-77.180403
"411","Damascus Soccer Club","Maryland SoccerPlex #6","18031 Central Park Circle, Boyds, MD 20841",39.137122,-77.180403
"412","Damascus Soccer Club","Maryland SoccerPlex #7","18031 Central Park Circle, Boyds, MD 20841",39.137122,-77.180403
"413","Fredericksburg FC","FFC Park @ Spotsylvania Sportsplex 11","1898 Mills Drive, Fredericksburg, VA 22408",38.231618,-77.405566
"414","Ft. Washington","Fairland Center","13313 Old Columbia Pike, Silver Spring, MD 20904",39.074641,-76.958521
"415","Ft. Washington","Heurich Park Turf Field","2916 Nicholson Street, Hyattsville, MD 20782",38.962334,-76.968537
"416","Ft. Washington","Walker Mill Regional Park Turf","8100 Walker Mill Road, District Heights, MD 20747",38.875112,-76.878874
"417","Ft. Washington","William Tyler Page ES #1","13400 Tamarack Rd., Silver Spring, MD 20904",39.074947,-76.982909
"418","Hagerstown Soccer Club","Hagerstown SC Complex #6","13317 Cearfoss Pike, Hagerstown, MD 21740",39.678552,-77.755837
"419","Southwestern Youth Association","SYA Complex #2","6626 Bull Run Post Office Road, Centreville, Va 20120",38.846114,-77.51509
"420","Southwestern Youth Association","SYA Complex #3A","6626 Bull Run Post Office Road, Centreville, Va 20120",38.846114,-77.51509
"421","Southwestern Youth Association","SYA Complex #4","6626 Bull Run Post Office Road, Centreville, Va 20120",38.846114,-77.51509
"422","Virginia Blackwatch SC","Bull Run Park #1","7700 Bull Run Dr, Centreville, VA 20121",38.802392,-77.490869
"423","Virginia Blackwatch SC","Shenandoah University Track and Field Complex Field","1460 University Dr, Winchester, VA 22601",39.166177,-78.159572
"424","Warrenton Youth Sports Club","Marshall Northern Complex Soccer Field #1","4155 Monroe Parkway, Marshall, VA 20186",38.713249,-77.803367
"425","Washington Soccer Club","Jelleff Recreation Center SS #1","3265 S Street, NW, Washington, DC 20007-2945",38.906889,-77.065466
"426","Washington Soccer Club","Oak Marr Park Field #1","3200 Jermantown Road, Oakton, VA 22124",38.873807,-77.31448
"427","Washington Soccer Club","Palisades","5200 Sherier Place NW, Washington, DC 20016",38.925695,-77.103723
"428","Washington Soccer Club","Riggs LaSalle Community Center Field #1","501 Riggs Rd, NE, Washington, DC 20011",38.960193,-77.000112
"429","Washington Soccer Club","Shepherd ES","7800 14th St NW, Washington, DC 20012-1490",38.984145,-77.033412
"430","Washington Soccer Club","Sidwell Friends Turf","3825 Wisconsin Ave NW, Washington, DC 20016",38.939047,-77.07457
"431","Washington Soccer Club","Takoma Rec Center Field #3","300 Van Buren St NW, Washington, DC 20012",38.969923,-77.016165
"432","Bara Futebol Clube","Franconia Park #4","6100 Cloud Dr, Springfield, VA 22150",38.78615,-77.160277
"433","Bara Futebol Clube","Pine Ridge Park #4","3401 Woodburn Rd, Annandale, VA 22003",38.854019,-77.230663
"434","Bara Futebol Clube","South County MS Turf #2A (small sided)","8700 Laurel Crest Dr, Lorton, VA 22079",38.71851,-77.233031
"435","Bara Futebol Clube","South County MS Turf #2B (small sided)","8700 Laurel Crest Dr, Lorton, VA 22079",38.71851,-77.233031
"436","CapitalFC","Randall Recreation Center #1 Full","25 I Street SW, Washington, DC 20024",38.879211,-77.009787
"437","CapitalFC","Watkins Elementary School - DC #1","420 12th Street Southeast, Washington, DC 20003",38.883552,-76.99032
"438","FC Virginia United","Bles Park #1","4830 Riverside Parkway, Ashburn, VA 20147",39.07813,-77.4872
"439","FC Virginia United","Bles Park #2","4830 Riverside Parkway, Ashburn, VA 20147",39.07813,-77.4872
"440","FC Virginia United","Evergreen Sportsplex #1","19623 Evergreen Mill Road, Leesburg, VA",39.089658,-77.571443
"441","FC Virginia United","Evergreen Sportsplex #2","19623 Evergreen Mill Road, Leesburg, VA",39.089658,-77.571443
"442","FC Virginia United","Evergreen Sportsplex #3","19623 Evergreen Mill Road, Leesburg, VA",39.089658,-77.571443
"443","FC Virginia United","Evergreen Sportsplex #4","19623 Evergreen Mill Road, Leesburg, VA",39.089658,-77.571443
"444","Annandale United FC","Annandale HS Stadium","4700 Medford Dr, Annandale, VA 22003",38.823027,-77.207489
"445","Annandale United FC","Annandale HS Track turf field","4700 Medford Dr, Annandale, VA 22003",38.823027,-77.207489
"446","Annandale United FC","Mason District Park #3 Front Turf","6621 Columbia Pike, Annandale, VA 22003",38.836914,-77.172502
"447","Annandale United FC","Pine Ridge Park #4","3401 Woodburn Rd, Annandale, VA 22003",38.854019,-77.230663
"448","Maryland United FC","Allen Pond Park (Andy Brown)","3330 Northview Drive Bowie, MD 20716",38.935763,-76.731336
"449","Maryland United FC","Allen Pond Park (Huston)","3330 Northview Drive Bowie, MD 20716",38.935763,-76.731336
"450","Maryland United FC","Allen Pond Park (Murtagh 1)","3330 Northview Drive Bowie, MD 20716",38.935763,-76.731336
"451","Maryland United FC","Allen Pond Park (Murtagh 2)","3330 Northview Drive Bowie, MD 20716",38.935763,-76.731336
"452","Maryland United FC","Annapolis Area Christian Upper","109 Burns Crossing Road Severn, MD 21144",39.104993,-76.685363
"453","Maryland United FC","Buckingham Park","2830 Barberry Lane Bowie, MD 20715",38.965102,-76.729908
"454","Maryland United FC","Calverton School","300 Calverton School Rd, Huntingtown, MD 20639",38.588808,-76.610548
"455","Maryland United FC","Church Road Park","2001 Church Rd, Bowie, MD 20721",38.919696,-76.757884
"456","Maryland United FC","Enfield Chase Fields A & B","3701 Northview Dr, Bowie, MD 20716",38.939862,-76.742108
"457","Maryland United FC","Fairland Park Fields A & B","3928 Greencastle Road, Burtonsville, MD 20866",39.081263,-76.930495
"458","Maryland United FC","Glen Allen Park A & B","15600 Atlantis Dr, Bowie, MD 20716",38.935739,-76.731102
"459","Maryland United FC","Holy Trinity School A,B & C","11902 Daisy Lane Glenn Dale, MD 20769",38.978369,-76.799668
"460","Maryland United FC","Indian Creek School","1130 Anne Chambers Way, Crownsville, MD 21032",39.01368,-76.591273
"461","Maryland United FC","McDonogh School","8600 McDonogh Rd Owings Mills, MD 21117",39.396338,-76.751213
"462","Maryland United FC","Mitchellville Fields 1-7","3200 Mitchellville Road, Bowie, MD 20716",38.931054,-76.734226
"463","Maryland United FC","Riverdale Baptist A & B","1133 Largo Road, Upper Marlboro,MD",38.874684,-76.790249
"464","Maryland United FC","Riverdale Baptist C & D","1133 Largo Road, Upper Marlboro,MD",38.874684,-76.790249
"465","Maryland United FC","Queen Annes School Fields","14111 Oak Grove Road Upper Marlboro, MD 20774",38.875259,-76.759673
"466","Maryland United FC","Walker Mill Park","Walker Mill Regional Park Walker Mill MD 20747",38.874205,-76.880624
"467","Maryland United FC","Whitemarsh Park (Bowie)","100 White Marsh Park Dr Bowie MD 20716",38.97631,-76.721178
"468","Ellicott City Soccer Club","Chapelgate Christian Academy","2600 Marriottsville Road, Marriottsville, MD 21104",39.303752,-76.899395
"469","Prince William Courage","Fred Lynn Middle School","1650 Prince William Parkway, Woodbridge, VA 22191",38.651201,-77.264105
"470","Prince William Courage","Hylton B&G Club","5070 Dale Blvd, Woodbridge, VA 22193",38.660283,-77.34731
"471","Prince William Courage","Woodbridge Middle School","2201 York Dr, Woodbridge, VA 22191",38.650947,-77.278644
"472","Prince William Courage","Chinn Park #1","13001 Chinn Park Dr, Woodbridge, VA 22192",38.671223,-77.33093
"473","Prince William Courage","Chinn Park #2","13001 Chinn Park Dr, Woodbridge, VA 22192",38.671223,-77.33093
"474","Prince William Courage","Howison Park #1A","14716 Minnieville Road, Woodbridge, VA 22193",38.632035,-77.394756
"475","Prince William Courage","Howison Park #1B","14716 Minnieville Road, Woodbridge, VA 22193",38.632035,-77.394756
"476","Prince William Courage","Howison Park #2B","14716 Minnieville Road, Woodbridge, VA 22193",38.632035,-77.394756
"477","Prince William Courage","Howison Park #3A","14716 Minnieville Road, Woodbridge, VA 22193",38.632035,-77.394756
"478","Prince William Courage","Howison Park #3B","14716 Minnieville Road, Woodbridge, VA 22193",38.632035,-77.394756
"479","Prince William Courage","Tyrell Park Field #2","14350 Veterans Drive, Woodbridge, VA 22191",38.643521,-77.248754
"480","Prince William Courage","Tyrell Park Field #4","14350 Veterans Drive, Woodbridge, VA 22191",38.643521,-77.248754
"481","Pasadena Soccer Club","Lake Shore Athletic Complex A","850 Woods Road, Pasadena, MD 21122",39.109913,-76.508713
"482","Pasadena Soccer Club","Lake Shore Athletic Complex B","850 Woods Road, Pasadena, MD 21122",39.109913,-76.508713
"483","Pasadena Soccer Club","Lake Shore Athletic Complex C","850 Woods Road, Pasadena, MD 21122",39.109913,-76.508713
"484","Pasadena Soccer Club","Lake Shore Athletic Complex D","850 Woods Road, Pasadena, MD 21122",39.109913,-76.508713
"485","Pasadena Soccer Club","Riviera Beach Community Park","131 Meadow Rd, Pasadena, MD 21122",39.16166,-76.517501
"486","Pasadena Soccer Club","Muth Field","8513 St Jane Dr, Pasadena, MD 21122",39.161923,-76.511691
"487","Pasadena Soccer Club","Tick Neck Park #1","7750 Edwin Raynor Blvd, Pasadena, MD 21122",39.136181,-76.528514
"488","Pasadena Soccer Club","Tick Neck Park #2","7750 Edwin Raynor Blvd, Pasadena, MD 21122",39.136181,-76.528514
"489","Pasadena Soccer Club","Tick Neck Park #3","7750 Edwin Raynor Blvd, Pasadena, MD 21122",39.136181,-76.528514
"490","Pasadena Soccer Club","Rock Creek Park","79 Bar Harbor Rd, Pasadena, MD 21122",39.156081,-76.512388
"491","Pasadena Soccer Club","Jacobsville Recreation Area","64 Magothy Beach Rd, Pasadena, MD 21122",39.116636,-76.519217
