"club.name","field.name","field.address"
"A3","Bell Branch Athletic Complex Field A","2400 Davidsonville Rd, Gambrills, MD 21054"
"A3","Bell Branch Athletic Complex Field B","2400 Davidsonville Rd, Gambrills, MD 21054"
"A3","Bell Branch Athletic Complex Field D2","2400 Davidsonville Rd, Gambrills, MD 21054"
"A3","Bell Branch Athletic Complex Field D3","2400 Davidsonville Rd, Gambrills, MD 21054"
"A3","Bell Branch Athletic Complex Field D4","2400 Davidsonville Rd, Gambrills, MD 21054"
"A3","Bell Branch Athletic Complex Field D6","2400 Davidsonville Rd, Gambrills, MD 21054"
"Alexandria Soccer Association","Brenman Park #1A","4800 Brenman Park Drive, Alexandria, VA 22301"
"Alexandria Soccer Association","Brenman Park - Soccer 1","4800 Brenman Park Drive, Alexandria, VA 22301"
"Alexandria Soccer Association","Greenbrier Pk Upper (Yorktown HS Stad.)","2700 Greenbrier Street, Arlington, VA 22207"
"Alexandria Soccer Association","Limerick 1","400 Hoofs Run Drive, Alexandria, VA 22314"
"Alexandria Soccer Association","Simpson Soccer Field 2A","426 East Monroe Ave, Alexandria, VA 22301"
"Alexandria Soccer Association","Simpson Soccer Field 2B","426 East Monroe Ave, Alexandria, VA 22301"
"Alexandria Soccer Association","Witter Fields Complex #1","2600 Witter Street, Alexandria, VA 22314"
"Alexandria Soccer Association","Witter Fields Complex #1a","2600 Witter Street, Alexandria, VA 22314"
"Alexandria Soccer Association","Witter Fields Complex #1b","2600 Witter Street, Alexandria, VA 22314"
"Alexandria Soccer Association","Witter Fields Complex #2","2600 Witter Street, Alexandria, VA 22314"
"Alexandria Soccer Association","Witter Fields Complex #2a","2600 Witter Street, Alexandria, VA 22314"
"Alliance Soccer Club","Ballenger Creek Park Chuck Foreman Field","5420 Ballenger Creek Pike, Frederick, MD 21703"
"Alliance Soccer Club","New Market Park Lower Small Sided","5760 Royal Oaks Drive, New Market, MD"
"Alliance Soccer Club","Oakdale HS Turf Field","5850 Eagle Head Drive, Ijamsville, MD 21754"
"Alliance Soccer Club","Old National Pike Park 4","12406 Old National Pike, Mt. Airy, MD 21771"
"Annandale Boys & Girls Club","Annandale HS Stadium","4700 Medford Dr, Annandale, VA 22003"
"Annandale Boys & Girls Club","Annandale HS Track turf field","4700 Medford Dr, Annandale, VA 22003"
"Annandale Boys & Girls Club","Mason District Park #3 Front Turf","6621 Columbia Pike, Annandale, VA 22003"
"Annandale Boys & Girls Club","Ossian Hall Park RF #01 (turf)","7900 Heritage Drive, Annandale, VA 22003"
"Annandale Boys & Girls Club","Stuart HS Stadium","3301 Peace Valley Ln, Falls Church, VA 22044"
"Antietam United Soccer Club","Fountain Rock Elementary Field #1","17145 Lappans Road, Hagerstown, MD 21740"
"Antietam United Soccer Club","St. James School Grass Field #1","17641 College Road, Hagerstown, MD 21740"
"Antietam United Soccer Club","St. James School Turf Field","17641 College Road, Hagerstown, MD 21740"
"Arlington Soccer Association","Benjamin Banneker Park","6501 N. 16th Street, Arlington, VA 22205"
"Arlington Soccer Association","Fields Park","850 N. George Mason Drive, Arlington, VA 22207"
"Arlington Soccer Association","Greenbrier Pk Upper (Yorktown HS Stad.)","2700 Greenbrier Street, Arlington, VA 22207"
"Arlington Soccer Association","Gunston Middle School #1","2700 S Lang St, Arlington, VA 22206"
"Arlington Soccer Association","Kenmore MS Kenmore II","200 S Carlin Springs Road, Arlington, VA 22204"
"Arlington Soccer Association","Long Bridge Park #4","475 S. Old Jefferson Davis Highway, Arlington, VA 22207"
"Arlington Soccer Association","Long Bridge Park #4A","475 S. Old Jefferson Davis Highway, Arlington, VA 22207"
"Arlington Soccer Association","Long Bridge Park 3","475 S. Old Jefferson Davis Highway, Arlington, VA 22207"
"Arlington Soccer Association","Quincy Street","1019 N Quincy St, Arlington, VA 22201"
"Arlington Soccer Association","Virginia Highlands #2 (9v9)","1600 S. Hayes St, Arlington, VA 22202"
"Arlington Soccer Association","Washington-Lee HS Stadium","1301 N. Stafford Street, Arlington, VA 22201"
"Arlington Soccer Association","Williamsburg MS #1","3600 N Harrison St, Arlington, VA 22207"
"Arlington Soccer Association","Williamsburg MS 1A","3600 N Harrison St, Arlington, VA 22207"
"Arlington Soccer Association","Williamsburg MS 1B","3600 N Harrison St, Arlington, VA 22207"
"Arlington Soccer Association","Williamsburg MS 2A","3600 N Harrison St, Arlington, VA 22207"
"Arundel Soccer Association","Arundel HS Front Bermuda #2","1001 Annapolis Road, Gambrills, MD 21054"
"Arundel Soccer Association","Arundel HS Front Bermuda Field","1001 Annapolis Road, Gambrills, MD 21054"
"Arundel Soccer Association","Crownsville Hospital #3","105 Circle Dr, Crownsville, MD 21032"
"Arundel Soccer Association","Meade HS Field C","1100 Clark Road, Fort George G Meade, MD 20755"
"Arundel Soccer Association","Old Mill HS Turf Field","600 Patriot Ln, Millersville, MD 21108"
"Bethesda Soccer Club","Maryland SoccerPlex #14","18031 Central Park Circle, Boyds, MD 20841"
"Bethesda Soccer Club","Maryland SoccerPlex #15","18031 Central Park Circle, Boyds, MD 20841"
"Bethesda Soccer Club","Maryland SoccerPlex #16","18031 Central Park Circle, Boyds, MD 20841"
"Bethesda Soccer Club","Maryland SoccerPlex #22","18031 Central Park Circle, Boyds, MD 20841"
"Bethesda Soccer Club","Maryland SoccerPlex #3","18031 Central Park Circle, Boyds, MD 20841"
"Bethesda Soccer Club","Maryland SoccerPlex #4","18031 Central Park Circle, Boyds, MD 20841"
"Bethesda Soccer Club","Maryland SoccerPlex #7","18031 Central Park Circle, Boyds, MD 20841"
"Bethesda Soccer Club","Maryland SoccerPlex #9","18031 Central Park Circle, Boyds, MD 20841"
"Bethesda Soccer Club","Muldoons Farm #1","18911 Beallsville Road, Poolesville, MD 20837"
"Bethesda Soccer Club","Muldoons Farm #2","18911 Beallsville Road, Poolesville, MD 20837"
"Bethesda Soccer Club","Wootton High School #1 Turf","2100 Wootton Pkwy, Rockville, MD 20850"
"Braddock Road Youth Club","Robinson HS - Upper Turf Full","5035 Sideburn Rd, Fairfax, VA 22032"
"Braddock Road Youth Club","Robinson HS - Upper Turf SS1","5035 Sideburn Rd, Fairfax, VA 22032"
"Braddock Road Youth Club","Robinson HS Stadium","5035 Sideburn Rd, Fairfax, VA 22032"
"Braddock Road Youth Club","WT Woodson HS Stadium Turf","9525 Main St, Fairfax, VA 22032"
"Braddock Road Youth Club","WT Woodson HS West Turf - Full","9525 Main St, Fairfax, VA 22032"
"Braddock Road Youth Club","WT Woodson HS West Turf - SS1","9525 Main St, Fairfax, VA 22032"
"Broadneck SC","Broadneck Park A-Upper field","699 College Parkway, Annapolis, MD 21409"
"Broadneck SC","Broadneck Park B-Lower Field","699 College Parkway, Annapolis, MD 21409"
"Burke Athletic Club","Lake Braddock  Secondary School Bermuda Grass field","9200 Burke Lake Road, Burke, Va 22015"
"Burke Athletic Club","Lake Braddock  Secondary School Stadium Field","9200 Burke Lake Road, Burke, Va 22015"
"Burke Athletic Club","Lake Braddock  Secondary School Turf Field #2","9200 Burke Lake Road, Burke, Va 22015"
"Burke Athletic Club","Patriot Park (Fairfax) #1","12111 Braddock Road, Fairfax, VA 22030"
"Calvert Soccer Association","Church by the Chesapeake Field 2 Lower Field","3255 Broomes Island Road, Port Republic, MD 20676"
"Calvert Soccer Association","Dunkirk District Park #4","10750 Southern Maryland Blvd (MD Rt. 4), Dunkirk, MD 20754"
"Calvert Soccer Association","Dunkirk District Park #7","10750 Southern Maryland Blvd (MD Rt. 4), Dunkirk, MD 20754"
"Calvert Soccer Association","Hallowing Point Park #12","4755 Hallowing Point Rd, Prince Frederick, MD 20678"
"Calvert Soccer Association","Hallowing Point Park Back 22 (Field 7)","4755 Hallowing Point Rd, Prince Frederick, MD 20678"
"Calvert Soccer Association","Hallowing Point Park Back 22 (Field 8)","4755 Hallowing Point Rd, Prince Frederick, MD 20678"
"Calvert Soccer Association","St. John Vianney Catholic Church","105 Vianney Lane, Prince Frederick, MD 20678"
"Calverton Soccer Club","Fairland Aquatic Center soccer field","13820 Old Gunpowder Road, Laurel, MD 20707"
"Calverton Soccer Club","Fairland Center","13313 Old Columbia Pike, Silver Spring, MD 20904"
"Calverton Soccer Club","Fairland Rec Park #5 TURF","3928 Greencastle Rd, Burtonsville,, MD 20866"
"Calverton Soccer Club","Martin Luther King, Jr. Rec Park Turf","1120 Jackson Rd., Silver Spring, MD 20904"
"Calverton Soccer Club","Maryland SoccerPlex #15","18031 Central Park Circle, Boyds, MD 20841"
"Calverton Soccer Club","Maryland SoccerPlex #16","18031 Central Park Circle, Boyds, MD 20841"
"Calverton Soccer Club","Maryland SoccerPlex #22","18031 Central Park Circle, Boyds, MD 20841"
"Calverton Soccer Club","Maryland SoccerPlex #3","18031 Central Park Circle, Boyds, MD 20841"
"Calverton Soccer Club","William Tyler Page ES #1","13400 Tamarack Rd., Silver Spring, MD 20904"
"Chantilly Soccer Club","Fred Crabtree","2791 Fox Mill Rd, Herndon, VA 20171"
"Chantilly Soccer Club","Poplar Tree Park #2","4718 Stringfellow Road, Chantilly, VA 20152"
"Chantilly Youth Association","Arrowhead #1","5200 Arrowhead Park Dr., Centreville, VA 20122"
"Chantilly Youth Association","Chantilly High School Stadium Field","4201 Stringfellow Road, Chantilly, VA 20151"
"Chantilly Youth Association","Poplar Tree Park #3","4718 Stringfellow Road, Chantilly, VA 20152"
"Chantilly Youth Association","Sully Highlands 1A","13800 Wall Road, Oak Hill, VA 20171"
"Chantilly Youth Association","Sully Highlands 1B","13800 Wall Road, Oak Hill, VA 20171"
"Chantilly Youth Association","Sully Highlands 2","13800 Wall Road, Oak Hill, VA 20171"
"Chantilly Youth Association","Sully Highlands 2A","13800 Wall Road, Oak Hill, VA 20171"
"Chantilly Youth Association","Westfield HS Turf","4700 Stonecroft Blvd, Chantilly, VA 20151"
"Culpeper Soccer Club","Culpeper Complex #1","16332 Cyclone Way, Culpeper, VA 22701"
"Culpeper Soccer Club","Culpeper Complex #3","16332 Cyclone Way, Culpeper, VA 22701"
"Culpeper Soccer Club","Culpeper Complex #4","16332 Cyclone Way, Culpeper, VA 22701"
"D.C. Stoddert","Jelleff Recreation Center SS #1","3265 S Street, NW, Washington, DC 20007-2945"
"D.C. Stoddert","Maryland SoccerPlex #14","18031 Central Park Circle, Boyds, MD 20841"
"D.C. Stoddert","Maryland SoccerPlex #16","18031 Central Park Circle, Boyds, MD 20841"
"D.C. Stoddert","Maryland SoccerPlex #3","18031 Central Park Circle, Boyds, MD 20841"
"D.C. Stoddert","Maryland SoccerPlex #4","18031 Central Park Circle, Boyds, MD 20841"
"D.C. Stoddert","Maryland SoccerPlex #5","18031 Central Park Circle, Boyds, MD 20841"
"D.C. Stoddert","Palisades","5200 Sherier Place NW, Washington, DC 20016"
"D.C. Stoddert","Riggs LaSalle Community Center Field #1","501 Riggs Rd, NE, Washington, DC 20011"
"D.C. Stoddert","Shepherd ES","7800 14th St NW, Washington, DC 20012-1490"
"D.C. Stoddert","Sidwell Friends Turf","3825 Wisconsin Ave NW, Washington, DC 20016"
"Davidsonville Athletic Association SC","Davidsonville Park Field B","3042 Patuxent River Road, Davidsonville, MD 21035"
"Davidsonville Athletic Association SC","Davidsonville Park Field F","3042 Patuxent River Road, Davidsonville, MD 21035"
"Eastern Panhandle Inter County","Shepherd University Soccer Complex Field #1","675 University Dr, Shepherdstown, WV 25443"
"Eastern Panhandle Inter County","South Jefferson Park Field #1","4095 Leetown Rd., Summit Point, WV 25446"
"Fairfax Police Youth Club","Draper Drive Park Turf 1","9797 Beech Drive, Fairfax, VA 22031"
"Fairfax Police Youth Club","Draper Drive Park Turf 2","9797 Beech Drive, Fairfax, VA 22031"
"Fairfax Police Youth Club","Green Acres Center Field 1","4401 Sideburn Road, Fairfax, VA 22030"
"Fairfax Police Youth Club","Oak Marr Park Field #1","3200 Jermantown Road, Oakton, VA 22124"
"Fairfax Police Youth Club","Oakton HS 3R","2900 Sutton Rd., Vienna, VA 22181"
"Fairfax Police Youth Club","Stafford Drive Park Turf 1","3300 Stafford Dr, Fairfax, VA 22030"
"FC Frederick","Gov. Thomas Johnson MS # 3","1730 N Market St, Frederick, MD 21701"
"FC Frederick","Gov. Thomas Johnson MS #2","1730 N Market St, Frederick, MD 21701"
"FC Frederick","St. John's Catholic Prep #1","3989 Buckeystown Pike, Buckeystown, MD 21717"
"FCV ASHBURN","Bles Park #1","44830 Riverside Parkway, Ashburn, VA 20147"
"FCV ASHBURN","Bles Park #2","44830 Riverside Parkway, Ashburn, VA 20147"
"FCV ASHBURN","Bles Park #3A","44830 Riverside Parkway, Ashburn, VA 20147"
"FCV ASHBURN","Bles Park #4","44830 Riverside Parkway, Ashburn, VA 20147"
"Fredericksburg Soccer Club Inc","Bull Run Park #1","7700 Bull Run Dr, Centreville, VA 20121"
"Fredericksburg Soccer Club Inc","Bull Run Park #4","7700 Bull Run Dr, Centreville, VA 20121"
"Fredericksburg Soccer Club Inc","Patriot Park (Fredericksburg) #3","5710 Smith Station Road, Fredericksburg, VA 22407"
"Fredericksburg Soccer Club Inc","Patriot Park (Fredericksburg) #5","5710 Smith Station Road, Fredericksburg, VA 22407"
"Fredericksburg Soccer Club Inc","Patriot Park (Fredericksburg) #6","5710 Smith Station Road, Fredericksburg, VA 22407"
"Front Royal Soccer Association","Skyline Soccerplex Field 2- U-12","100 Kerfoot Ave., Front Royal, VA 22630"
"Front Royal Soccer Association","Skyline Soccerplex Field 3 U-14/Senior","100 Kerfoot Ave., Front Royal, VA 22630"
"Front Royal Soccer Association","Skyline Soccerplex Field 8 U 14/Senior","100 Kerfoot Ave., Front Royal, VA 22630"
"Future Soccer Club","Marlboro Meadows Field#1 Field 1","4428 Dery Rd, Upper Marlboro, MD 20772"
"Future Soccer Club","Maryland SoccerPlex #14","18031 Central Park Circle, Boyds, MD 20841"
"Future Soccer Club","Maryland SoccerPlex #15","18031 Central Park Circle, Boyds, MD 20841"
"Future Soccer Club","Maryland SoccerPlex #16","18031 Central Park Circle, Boyds, MD 20841"
"Future Soccer Club","Maryland SoccerPlex #17","18031 Central Park Circle, Boyds, MD 20841"
"Future Soccer Club","Maryland SoccerPlex #2","18031 Central Park Circle, Boyds, MD 20841"
"Future Soccer Club","Maryland SoccerPlex #22","18031 Central Park Circle, Boyds, MD 20841"
"Future Soccer Club","Maryland SoccerPlex #3","18031 Central Park Circle, Boyds, MD 20841"
"Future Soccer Club","Maryland SoccerPlex #4","18031 Central Park Circle, Boyds, MD 20841"
"Future Soccer Club","Maryland SoccerPlex #5","18031 Central Park Circle, Boyds, MD 20841"
"Future Soccer Club","Maryland SoccerPlex #7","18031 Central Park Circle, Boyds, MD 20841"
"Future Soccer Club","Maryland SoccerPlex #9","18031 Central Park Circle, Boyds, MD 20841"
"Future Soccer Club","Ridge Road Recreational Park Field #5 (Games Only)","21155 N Frederick Rd, Germantown, MD 20876"
"Great Falls SC","Baron Cameron Park #10A","11300 Baron Cameron Avenue, Reston, VA 20190"
"Great Falls SC","Baron Cameron Park #10B","11300 Baron Cameron Avenue, Reston, VA 20190"
"Great Falls SC","Grand Hamptons Park 1","1081 Safa Street, Herndon, VA 20170"
"Great Falls SC","Jones Branch Park #1 Large","8008 Jones Branch Road, Tysons, VA 22102"
"Great Falls SC","Lockmeade Park #1","1104 Riva Ridge Drive, Great Falls, VA 22066"
"Great Falls SC","Nike Park #4 (full-sided)","1085 Utterback Store Rd, Great Falls, VA 22066"
"Great Falls SC","Nike Park #7 (full-sided)","1085 Utterback Store Rd, Great Falls, VA 22066"
"Great Falls SC","Nike Park #8 (full-sided)","1085 Utterback Store Rd, Great Falls, VA 22066"
"Great Falls SC","Nike Park 4A","1085 Utterback Store Rd, Great Falls, VA 22066"
"Great Falls SC","Nike Park 4B","1085 Utterback Store Rd, Great Falls, VA 22066"
"Great Falls SC","Nike Park 7A","1085 Utterback Store Rd, Great Falls, VA 22066"
"Great Falls SC","Nike Park 7B","1085 Utterback Store Rd, Great Falls, VA 22066"
"Great Falls SC","Witter Fields Complex #1b","2600 Witter Street, Alexandria, VA 22314"
"Gunston Soccer Club","Grist Mill Park # 5A (U9-U12)","4710 Mount Vernon Memorial Highway, Alexandria, VA 22309"
"Gunston Soccer Club","Grist Mill Park # 5B (U9-U12)","4710 Mount Vernon Memorial Highway, Alexandria, VA 22309"
"Gunston Soccer Club","Grist Mill Park #4","4710 Mount Vernon Memorial Highway, Alexandria, VA 22309"
"Gunston Soccer Club","Grist Mill Park #4A (U9-12)","4710 Mount Vernon Memorial Highway, Alexandria, VA 22309"
"Gunston Soccer Club","Grist Mill Park #4B (U9-12)","4710 Mount Vernon Memorial Highway, Alexandria, VA 22309"
"Gunston Soccer Club","Mount Vernon High School RF#1","8515 Old Mt. Vernon Rd., Alexandria, VA 22309"
"Gunston Soccer Club","Mount Vernon High School Stadium","8515 Old Mt. Vernon Rd., Alexandria, VA 22309"
"Herndon Youth Soccer Association","Arrowbrook","2351 Feld Point Rd, Herndon, Va 20171"
"Herndon Youth Soccer Association","Bready Park(at Herndon Community Center) Bready Park # 1A","814 Ferndale Ave, Herndon, Va 20170"
"Herndon Youth Soccer Association","Bready Park(at Herndon Community Center) Bready Park # 1B","814 Ferndale Ave, Herndon, Va 20170"
"Herndon Youth Soccer Association","Herndon High School Auxiliary Field","700 Bennett Street, Herndon, Va 20170"
"Herndon Youth Soccer Association","Herndon High School Stadium Field","700 Bennett Street, Herndon, Va 20170"
"Herndon Youth Soccer Association","Hutchison Park #4 (Turf)","13209 Parcher Ave, Herndon, VA 20170"
"La Plata Soccer Academy","Bryantown Sports Complex #03","5665 Bryantown Road, Waldorf, MD 20601"
"La Plata Soccer Academy","Bryantown Sports Complex #12","5665 Bryantown Road, Waldorf, MD 20601"
"La Plata Soccer Academy","Laurel Spring Regional Park Regulation #1","5940 Radio Station Road, La Plata, MD 20646"
"La Plata Soccer Academy","Laurel Springs intermediate field #2","5940 Radio Station Road, La Plata Md, MD 20646"
"Laurel Soccer Club","Fairland Aquatic Center soccer field","13820 Old Gunpowder Road, Laurel, MD 20707"
"Laurel Soccer Club","Fairland Center","13313 Old Columbia Pike, Silver Spring, MD 20904"
"Laurel Soccer Club","Fairland Rec Park #5 TURF","3928 Greencastle Rd, Burtonsville,, MD 20866"
"Laurel Soccer Club","Maryland SoccerPlex #14","18031 Central Park Circle, Boyds, MD 20841"
"Laurel Soccer Club","Maryland SoccerPlex #16","18031 Central Park Circle, Boyds, MD 20841"
"Laurel Soccer Club","Maryland SoccerPlex #19a","18031 Central Park Circle, Boyds, MD 20841"
"Laurel Soccer Club","Maryland SoccerPlex #20a","18031 Central Park Circle, Boyds, MD 20841"
"Laurel Soccer Club","Maryland SoccerPlex #3","18031 Central Park Circle, Boyds, MD 20841"
"Laurel Soccer Club","William Tyler Page ES #1","13400 Tamarack Rd., Silver Spring, MD 20904"
"Lee-Mt. Vernon Sports Club","Bull Run Park #1","7700 Bull Run Dr, Centreville, VA 20121"
"Lee-Mt. Vernon Sports Club","Edison HS Aux Right","5801 Franconia Road, Alexandria, VA 22310"
"Lee-Mt. Vernon Sports Club","Edison High School Stadium Field","5801 Franconia Road, Alexandria, VA 22310"
"Lee-Mt. Vernon Sports Club","Lee District Park #4 Left","6601 Telegraph Road, Alexandria, VA 22310"
"Lee-Mt. Vernon Sports Club","Lee District Park #4 Right","6601 Telegraph Road, Alexandria, VA 22310"
"Lee-Mt. Vernon Sports Club","Lee District Park Lee District","6601 Telegraph Road, Alexandria, VA 22310"
"Lee-Mt. Vernon Sports Club","West Potomac HS Stadium","6500 Quander Road,, Alexandria, VA 22308"
"Leesburg Football Club","Evergreen Sportsplex #2","19623 Evergreen Mill Road, Leesburg, VA"
"Leesburg Football Club","Morven Park #1","41793 Tutt Lane, Leesburg, VA 20176"
"Leesburg Football Club","Morven Park #2","41793 Tutt Lane, Leesburg, VA 20176"
"Leesburg Football Club","Morven Park #3","41793 Tutt Lane, Leesburg, VA 20176"
"Leesburg Football Club","Morven Park #5A","41793 Tutt Lane, Leesburg, VA 20176"
"Loudoun Soccer","Byrnes Ridge #4","24915 Mineral Springs Circle, Aldie, VA 20105"
"Loudoun Soccer","Byrnes Ridge #5","24915 Mineral Springs Circle, Aldie, VA 20105"
"Loudoun Soccer","Conklin Park #2","25701 Donegal Drive, Chantilly, VA 20152"
"Loudoun Soccer","Conklin Park #3","25701 Donegal Drive, Chantilly, VA 20152"
"Loudoun Soccer","Eastgate Park #1","43664 Tall Cedars Parkway, Chantilly, VA"
"Loudoun Soccer","Lyndora #2A","43624 Lucketts Bridge Circle, Ashburn, VA 20148"
"Loudoun Soccer","Riverside HS #2","19019 Upper Belmont Pl, Leesburg, VA 20176"
"Loudoun Soccer","Riverside HS Stadium","19019 Upper Belmont Pl, Leesburg, VA 20176"
"Maryland Rush","Bates Heritage Turf","121 S. Villa Ave., Annapolis, MD 21401"
"Maryland Rush","Weems-Whalen Field at Bates Athletic Complex","935 Spa Rd, Annapolis, MD 21401"
"Maryland Rush Montgomery","Maryland SoccerPlex #12","18031 Central Park Circle, Boyds, MD 20841"
"Maryland Rush Montgomery","Maryland SoccerPlex #13","18031 Central Park Circle, Boyds, MD 20841"
"Maryland Rush Montgomery","Maryland SoccerPlex #13b","18031 Central Park Circle, Boyds, MD 20841"
"Maryland Rush Montgomery","Maryland SoccerPlex #14","18031 Central Park Circle, Boyds, MD 20841"
"Maryland Rush Montgomery","Maryland SoccerPlex #15","18031 Central Park Circle, Boyds, MD 20841"
"Maryland Rush Montgomery","Maryland SoccerPlex #16","18031 Central Park Circle, Boyds, MD 20841"
"Maryland Rush Montgomery","Maryland SoccerPlex #17","18031 Central Park Circle, Boyds, MD 20841"
"Maryland Rush Montgomery","Maryland SoccerPlex #19a","18031 Central Park Circle, Boyds, MD 20841"
"Maryland Rush Montgomery","Maryland SoccerPlex #2","18031 Central Park Circle, Boyds, MD 20841"
"Maryland Rush Montgomery","Maryland SoccerPlex #20a","18031 Central Park Circle, Boyds, MD 20841"
"Maryland Rush Montgomery","Maryland SoccerPlex #22","18031 Central Park Circle, Boyds, MD 20841"
"Maryland Rush Montgomery","Maryland SoccerPlex #3","18031 Central Park Circle, Boyds, MD 20841"
"Maryland Rush Montgomery","Maryland SoccerPlex #4","18031 Central Park Circle, Boyds, MD 20841"
"Maryland Rush Montgomery","Maryland SoccerPlex #5","18031 Central Park Circle, Boyds, MD 20841"
"Maryland Rush Montgomery","Maryland SoccerPlex #6","18031 Central Park Circle, Boyds, MD 20841"
"Maryland Rush Montgomery","Maryland SoccerPlex #6a","18031 Central Park Circle, Boyds, MD 20841"
"Maryland Rush Montgomery","Maryland SoccerPlex #7a","18031 Central Park Circle, Boyds, MD 20841"
"Maryland Rush Montgomery","Maryland SoccerPlex #7b","18031 Central Park Circle, Boyds, MD 20841"
"Maryland Rush Montgomery","Maryland SoccerPlex #9","18031 Central Park Circle, Boyds, MD 20841"
"McLean Youth Incorporated","Lewinsville Park #2","1659 Chainbridge Rd, McLean, VA 22101"
"McLean Youth Incorporated","Linway Terrace Park #1","6246 Linway Terrace, McLean, VA 22101"
"McLean Youth Incorporated","Police Field RF #1","1437 Balls Hills Rd, McLean, VA 22101"
"McLean Youth Incorporated","Spring Hill #5A","1239 Spring Hill Rd, McLean, VA 22102"
"McLean Youth Incorporated","Spring Hill Rec Center #5","1239 Springhill Rd, McLean, VA 22101"
"McLean Youth Incorporated","Spring Hill Rec Center USSF Field # 2","1239 Springhill Rd, McLean, VA 22101"
"Montgomery Soccer Inc.","Maryland SoccerPlex #12b","18031 Central Park Circle, Boyds, MD 20841"
"Montgomery Soccer Inc.","Maryland SoccerPlex #13b","18031 Central Park Circle, Boyds, MD 20841"
"Montgomery Soccer Inc.","Maryland SoccerPlex #14","18031 Central Park Circle, Boyds, MD 20841"
"Montgomery Soccer Inc.","Maryland SoccerPlex #15","18031 Central Park Circle, Boyds, MD 20841"
"Montgomery Soccer Inc.","Maryland SoccerPlex #15b","18031 Central Park Circle, Boyds, MD 20841"
"Montgomery Soccer Inc.","Maryland SoccerPlex #16","18031 Central Park Circle, Boyds, MD 20841"
"Montgomery Soccer Inc.","Maryland SoccerPlex #19a","18031 Central Park Circle, Boyds, MD 20841"
"Montgomery Soccer Inc.","Maryland SoccerPlex #2","18031 Central Park Circle, Boyds, MD 20841"
"Montgomery Soccer Inc.","Maryland SoccerPlex #20a","18031 Central Park Circle, Boyds, MD 20841"
"Montgomery Soccer Inc.","Maryland SoccerPlex #22","18031 Central Park Circle, Boyds, MD 20841"
"Montgomery Soccer Inc.","Maryland SoccerPlex #3","18031 Central Park Circle, Boyds, MD 20841"
"Montgomery Soccer Inc.","Maryland SoccerPlex #5","18031 Central Park Circle, Boyds, MD 20841"
"Montgomery Soccer Inc.","Maryland SoccerPlex #6","18031 Central Park Circle, Boyds, MD 20841"
"Montgomery Soccer Inc.","Maryland SoccerPlex #6a","18031 Central Park Circle, Boyds, MD 20841"
"Montgomery Soccer Inc.","Maryland SoccerPlex #7","18031 Central Park Circle, Boyds, MD 20841"
"Montgomery Soccer Inc.","Maryland SoccerPlex #7a","18031 Central Park Circle, Boyds, MD 20841"
"Montgomery Soccer Inc.","Maryland SoccerPlex #7b","18031 Central Park Circle, Boyds, MD 20841"
"Northern Virginia Soccer Club","Hellwig Park #3","14420 Bristow Road, Manassas, VA 20112"
"Northern Virginia Soccer Club","Hellwig Park #7","14420 Bristow Road, Manassas, VA 20112"
"Northern Virginia Soccer Club","Hellwig Park #8","14420 Bristow Road, Manassas, VA 20112"
"Northern Virginia Soccer Club","Hellwig Park #8A","14420 Bristow Road, Manassas, VA 20112"
"Northern Virginia Soccer Club","Valley View #2","11930 Valley View Drive, Bristow, VA 20136"
"Northern Virginia Soccer Club","Valley View #5","11930 Valley View Drive, Bristow, VA 20136"
"OBGC","OBGC Community Park #1A","4501 Route 108, Olney, MD 20832"
"OBGC","OBGC Community Park #2A","4501 Route 108, Olney, MD 20832"
"OBGC","OBGC Community Park #2B","4501 Route 108, Olney, MD 20832"
"OBGC","OBGC Community Park #4","4501 Route 108, Olney, MD 20832"
"Old Dominion Football Club","Freedom HS Practice Field","25450 Riding Center Drive, South Riding, VA 20152"
"Old Dominion Football Club","John Champe HS A small","41535 Sacred Mountain Street, Aldie, VA 20105"
"Old Dominion Football Club","John Champe HS B small","41535 Sacred Mountain Street, Aldie, VA 20105"
"Old Dominion Football Club","John Champe HS Turf 2","41535 Sacred Mountain Street, Aldie, VA 20105"
"Old Dominion Football Club","Rock Ridge HS Stadium Turf","43460 Loudoun Reserve Drive, Ashburn, VA 20148"
"Potomac Soccer Association","Greenbriar Local Park #1","12525 Glen rRd, Travillah, MD 20854"
"Potomac Soccer Association","Maryland SoccerPlex #13","18031 Central Park Circle, Boyds, MD 20841"
"Potomac Soccer Association","Maryland SoccerPlex #13b","18031 Central Park Circle, Boyds, MD 20841"
"Potomac Soccer Association","Maryland SoccerPlex #14","18031 Central Park Circle, Boyds, MD 20841"
"Potomac Soccer Association","Maryland SoccerPlex #15","18031 Central Park Circle, Boyds, MD 20841"
"Potomac Soccer Association","Maryland SoccerPlex #19a","18031 Central Park Circle, Boyds, MD 20841"
"Potomac Soccer Association","Maryland SoccerPlex #20a","18031 Central Park Circle, Boyds, MD 20841"
"Potomac Soccer Association","Maryland SoccerPlex #22","18031 Central Park Circle, Boyds, MD 20841"
"Potomac Soccer Association","Maryland SoccerPlex #3","18031 Central Park Circle, Boyds, MD 20841"
"Potomac Soccer Association","Maryland SoccerPlex #4","18031 Central Park Circle, Boyds, MD 20841"
"Potomac Soccer Association","Maryland SoccerPlex #7","18031 Central Park Circle, Boyds, MD 20841"
"Potomac Soccer Association","Maryland SoccerPlex #9","18031 Central Park Circle, Boyds, MD 20841"
"Potomac Soccer Association","Maryland SoccerPlex #9b","18031 Central Park Circle, Boyds, MD 20841"
"Potomac Soccer Association","Muldoons Farm #5","18911 Beallsville Road, Poolesville, MD 20837"
"Premier Athletics Club","Falls Church HS Practice Field","7521 Jaguar Trail, Falls Church, VA 22042"
"Premier Athletics Club","Falls Church HS Stadium","7521 Jaguar Trail, Falls Church, VA 22042"
"Premier Athletics Club","Luther Jackson Middle School #2","3020 Gallows Road, Falls Church, VA 22042"
"Premier Athletics Club","Luther Jackson Middle School #3","3020 Gallows Road, Falls Church, VA 22042"
"Premier Athletics Club","Shrevewood ES #1 (large)","7525 Shreve Road, Falls Church, VA 22043"
"Premier Athletics Club","Shrevewood ES #2 (small)","7525 Shreve Road, Falls Church, VA 22043"
"Premier Athletics Club","Shrevewood ES #3 (small)","7525 Shreve Road, Falls Church, VA 22043"
"Prince William Soccer Club","Chinn Park #1","13001 Chinn Park Dr, Woodbridge, VA 22192"
"Prince William Soccer Club","Chinn Park #2","13001 Chinn Park Dr, Woodbridge, VA 22192"
"Prince William Soccer Club","Howison Park #1A","14716 Minnieville Road, Woodbridge, VA 22193"
"Prince William Soccer Club","Howison Park #1B","14716 Minnieville Road, Woodbridge, VA 22193"
"Prince William Soccer Club","Howison Park #2B","14716 Minnieville Road, Woodbridge, VA 22193"
"Prince William Soccer Club","Howison Park #3A","14716 Minnieville Road, Woodbridge, VA 22193"
"Prince William Soccer Club","Howison Park #3B","14716 Minnieville Road, Woodbridge, VA 22193"
"Prince William Soccer Club","Tyrell Park Field #2","14350 Veterans Drive, Woodbridge, VA 22191"
"Prince William Soccer Club","Tyrell Park Field #4","14350 Veterans Drive, Woodbridge, VA 22191"
"Reston Soccer Association","Lake Fairfax #1","1400 Lake Fairfax Dr, Reston, VA 20190"
"Reston Soccer Association","Lake Fairfax #4","1400 Lake Fairfax Dr, Reston, VA 20190"
"Reston Soccer Association","South Lakes High School Stadium Field","11400 South Lakes Drive, Reston, VA 20191"
"Reston Soccer Association","South Lakes High School Upper Field #1A (Langston Hughes MS)","11400 South Lakes Drive, Reston, VA 20191"
"Reston Soccer Association","South Lakes High School Upper Field #1B (Langston Hughes MS)","11400 South Lakes Drive, Reston, VA 20191"
"Reston Soccer Association","South Lakes High School Upper Field 11v11 (Langston Hughes MS)","11400 South Lakes Drive, Reston, VA 20191"
"Severna Park Athletic Association","Kinder Park Kinder Middle","1 Gali Sanchez Way, Millersville, MD 21108"
"Severna Park Athletic Association","Kinder Park Lower Kinder 1","1 Gali Sanchez Way, Millersville, MD 21108"
"Severna Park Athletic Association","Kinder Park Upper Kinder A","1 Gali Sanchez Way, Millersville, MD 21108"
"Severna Park Athletic Association","Kinder Park Upper Kinder A/B Full Sided","1 Gali Sanchez Way, Millersville, MD 21108"
"Soccer Association Of Columbia","Covenant Park #1","4560 Centennial Lane, Ellicott City, MD 21042"
"Soccer Association Of Columbia","Covenant Park #3","4560 Centennial Lane, Ellicott City, MD 21042"
"Soccer Association Of Columbia","Covenant Park #4","4560 Centennial Lane, Ellicott City, MD 21042"
"Soccer Association Of Columbia","Covenant Park #5","4560 Centennial Lane, Ellicott City, MD 21042"
"Soccer Association Of Columbia","Covenant Park #6","4560 Centennial Lane, Ellicott City, MD 21042"
"Soccer Association Of Columbia","Covenant Park #9A","4560 Centennial Lane, Ellicott City, MD 21042"
"Soccer Association Of Columbia","Covenant Park 1 B","4560 Centennial Lane, Ellicott City, MD 21042"
"Soccer Association Of Columbia","Howard CC #1","10901 Little Patuxent Parkway, Columbia, MD 21044"
"Soccer Association Of Columbia","Howard CC #4A","10901 Little Patuxent Parkway, Columbia, MD 21044"
"South County Athletic Association","South County HS Stadium Turf","8501 Silverbrook RD, Lorton, VA 22079"
"South County Athletic Association","South County HS Track Field","8501 Silverbrook RD, Lorton, VA 22079"
"South County Athletic Association","South County MS Turf #2A (small sided)","8700 Laurel Crest Dr, Lorton, VA 22079"
"South County Athletic Association","South County MS Turf #2B (small sided)","8700 Laurel Crest Dr, Lorton, VA 22079"
"Springfield South County Youth Club","Hayfield High School Practice Turf","7630 Telegraph Rd, Alexandria, VA 22315"
"Springfield South County Youth Club","Hayfield High School Practice Turf #A","7630 Telegraph Rd, Alexandria, VA 22315"
"Springfield South County Youth Club","Hayfield High School Practice Turf #B","7630 Telegraph Rd, Alexandria, VA 22315"
"Springfield South County Youth Club","Hayfield High School Stadium","7630 Telegraph Rd, Alexandria, VA 22315"
"Springfield South County Youth Club","Hooes Road Park #2","7233 Hooes Road, Springfield, VA 22150"
"Springfield South County Youth Club","Hooes Road Park #3","7233 Hooes Road, Springfield, VA 22150"
"Springfield South County Youth Club","Hooes Road Park #4A","7233 Hooes Road, Springfield, VA 22150"
"Springfield South County Youth Club","Loisdale Park Field 1 - Turf","7601 Loisdale Road, Springfield, VA 22150"
"Springfield South County Youth Club","Rolling Valley West Park #2 - Turf","6512 Sydenstricker Road, Burke, VA 22015"
"Springfield South County Youth Club","South Run Field 6","7550 Reservation Dr, Springfield, VA"
"St Mary's Soccer","Chancellors Run Reg Park #1","21905 Chancellors Run Road, Great Mills, MD 20634"
"St Mary's Soccer","Chancellors Run Reg Park #2","21905 Chancellors Run Road, Great Mills, MD 20634"
"St Mary's Soccer","Chancellors Run Reg Park #3","21905 Chancellors Run Road, Great Mills, MD 20634"
"St Mary's Soccer","Chancellors Run Reg Park #4","21905 Chancellors Run Road, Great Mills, MD 20634"
"St Mary's Soccer","Chancellors Run Reg Park #4B","21905 Chancellors Run Road, Great Mills, MD 20634"
"St Mary's Soccer","Chaptico Park Field 2","26600 Budds Creek Road, Mechanicsville, MD 20659"
"St Mary's Soccer","St. Mary's Ryken High School Turf","22600 Camp Calvert Road, Leonardtown, MD 20650"
"Stafford Soccer Club","Duff Green Park #2","75 James Ashby Pkwy, Fredericksburg, VA 22405"
"Stafford Soccer Club","Embrey Mill Park Field #1","1600 Mine Road, Stafford, VA 22554"
"Stafford Soccer Club","Embrey Mill Park Field #2","1600 Mine Road, Stafford, VA 22554"
"Stafford Soccer Club","Embrey Mill Park Field #3","1600 Mine Road, Stafford, VA 22554"
"Stafford Soccer Club","Embrey Mill Park Field #4A","1600 Mine Road, Stafford, VA 22554"
"Stafford Soccer Club","Embrey Mill Park Field #4B","1600 Mine Road, Stafford, VA 22554"
"Stafford Soccer Club","Embrey Mill Park Field #6","1600 Mine Road, Stafford, VA 22554"
"Stafford Soccer Club","Embrey Mill Park Field #7","1600 Mine Road, Stafford, VA 22554"
"Stafford Soccer Club","Embrey Mill Park Field #8","1600 Mine Road, Stafford, VA 22554"
"Stafford Soccer Club","Witter Fields Complex #2","2600 Witter Street, Alexandria, VA 22314"
"Sterling Youth Soccer Association","Potomac Lakes-Paul Hencken Paul Hencken 10","20280 Cascades Parkway, Sterling, VA 20165"
"Sterling Youth Soccer Association","Potomac Lakes-Paul Hencken Paul Hencken 6","20280 Cascades Parkway, Sterling, VA 20165"
"Sterling Youth Soccer Association","Potomac Lakes-Paul Hencken Paul Hencken 7","20280 Cascades Parkway, Sterling, VA 20165"
"Takoma Park","Fairland Center","13313 Old Columbia Pike, Silver Spring, MD 20904"
"Takoma Park","Martin Luther King, Jr. Rec Park Field #4","1120 Jackson Rd., Silver Spring, MD 20904"
"Takoma Park","Montgomery Blair HS","51 East, University Blvd, Silver Spring, MD 20901"
"Takoma Park","William Tyler Page ES #1","13400 Tamarack Rd., Silver Spring, MD 20904"
"Team America Football Club","Falls Church HS Rear Field - Turf","7521 Jaguar Trail, Falls Church, VA 22042"
"Team America Football Club","Falls Church HS Stadium","7521 Jaguar Trail, Falls Church, VA 22042"
"Team America Football Club","Ossian Hall Park RF #01 (turf)","7900 Heritage Drive, Annandale, VA 22003"
"Team America Football Club","Plum Ctr ( old Edsall Park Ctr) RF #1","6815 Edsall Road, Springfield, VA 22151"
"Thunder Soccer Club","Glenelg High School Field 01","14025 Burntwoods Rd, Glenelg, MD 21737"
"Thunder Soccer Club","Hammond High School Turf Field","8800 Guilford Road, Columbia, MD 21046"
"Thunder Soccer Club","Hawthorn Park A","6195 Sunny Spring, Columbia, MD 21044"
"Thunder Soccer Club","Hawthorn Park B","6195 Sunny Spring, Columbia, MD 21044"
"Thunder Soccer Club","Reservoir High School Field 1 (turf)","11550 Scaggsville Road, Fulton, MD 20759"
"Tri-County Soccer Club","Dupont Soccer Complex Field 7 (full sided)","499 Campus Drive, Martinsburg, WV 25404"
"Tri-County Soccer Club","Morgan Grove Park Field 1 Small Sided (u10)","4198 kearneysville pike, shepherdstown, wv 25443"
"Tri-County Soccer Club","Morgan Grove Park Field 2  Small Sided (u12)","4198 kearneysville pike, shepherdstown, wv 25443"
"Tri-County Soccer Club","Spring Mills High School Turf Field","499 Campus Drive, Martinsburg, WV 25404"
"VA Indpt Soccer Team Assoc.","Bull Run Park #1","7700 Bull Run Dr, Centreville, VA 20121"
"VA Indpt Soccer Team Assoc.","Bull Run Park #3A","7700 Bull Run Dr, Centreville, VA 20121"
"VA Indpt Soccer Team Assoc.","Bull Run Park #4","7700 Bull Run Dr, Centreville, VA 20121"
"VA Indpt Soccer Team Assoc.","Culpeper Complex #3","16332 Cyclone Way, Culpeper, VA 22701"
"VA Indpt Soccer Team Assoc.","Culpeper Complex #3","16332 Cyclone Way, Culpeper, VA 22701"
"VA Indpt Soccer Team Assoc.","Culpeper Complex #4","16332 Cyclone Way, Culpeper, VA 22701"
"VA Indpt Soccer Team Assoc.","Culpeper Complex #4","16332 Cyclone Way, Culpeper, VA 22701"
"VA Indpt Soccer Team Assoc.","Highland School Turf","597 Broadview Avenue, Warrenton, VA 20186"
"VA Indpt Soccer Team Assoc.","Kettle Run High School Practice Field","7575 Rogues Rd, Nokesville, VA 20181"
"VA Indpt Soccer Team Assoc.","Shenandoah University Aikens Field","1460 University Dr, Winchester, VA 22601"
"Vienna Youth Soccer","Colvin Run ES Field #1","1400 Trap Road, Vienna, VA 22182"
"Vienna Youth Soccer","Dunn Loring #1","2334 Gallows Rd, Dunn Loring, VA 22027"
"Vienna Youth Soccer","Freedom Hill ES 1","1945 Lord Fairfax Road, Vienna, VA"
"Vienna Youth Soccer","James Madison HS","2500 James Madison Dr, Vienna, VA 22181"
"Vienna Youth Soccer","Jones Branch Park #2 Small","8008 Jones Branch Road, Tysons, VA 22102"
"Vienna Youth Soccer","Luther Jackson Middle School #1","3020 Gallows Road, Falls Church, VA 22042"
"Vienna Youth Soccer","Marshall High School Soccer Field #1","7731 Leesburg Pike, Falls Church, VA 22043"
"Vienna Youth Soccer","Oak Marr Park Field #2","3200 Jermantown Road, Oakton, VA 22124"
"Vienna Youth Soccer","Oakton HS 3","2900 Sutton Rd., Vienna, VA 22181"
"Vienna Youth Soccer","Oakton HS 3L","2900 Sutton Rd., Vienna, VA 22181"
"Vienna Youth Soccer","Oakton HS 3R","2900 Sutton Rd., Vienna, VA 22181"
"Vienna Youth Soccer","Oakton HS Stadium Turf","2900 Sutton Road, Vienna, VA 22181"
"Virginia Soccer Association","Long Park #2","4603 James Madison Hwy, Haymarket, VA 20169"
"Virginia Soccer Association","Long Park #2A","4603 James Madison Hwy, Haymarket, VA 20169"
"Virginia Soccer Association","Long Park Turf #5","4603 James Madison Hwy, Haymarket, VA 20169"
"Virginia Soccer Association","Long Park Turf #5A","4603 James Madison Hwy, Haymarket, VA 20169"
"Virginia Soccer Association","Long Park Turf #6","4603 James Madison Hwy, Haymarket, VA 20169"
"Virginia Soccer Association","Long Park Turf #6A","4603 James Madison Hwy, Haymarket, VA 20169"
"Virginia Soccer Association","Long Park Turf #7","4603 James Madison Hwy, Haymarket, VA 20169"
"Virginia Soccer Association","Patriot High School Stadium Turf Field","10504 Kettle Run Rd, Nokesville, VA 20181"
"Waldorf Soccer Club","Bryantown Sports Complex #03","5665 Bryantown Road, Waldorf, MD 20601"
"Waldorf Soccer Club","Bryantown Sports Complex #06","5665 Bryantown Road, Waldorf, MD 20601"
"Waldorf Soccer Club","Bryantown Sports Complex #08","5665 Bryantown Road, Waldorf, MD 20601"
"Waldorf Soccer Club","Bryantown Sports Complex #12","5665 Bryantown Road, Waldorf, MD 20601"
"Winchester Youth Soccer Club","Handley High School Full size turf","425 Handley Blvd, Winchester, VA 22601"
"Winchester Youth Soccer Club","Sherando #2","255 Lakeview Cir, Stephens City, VA 22655"
"Winchester Youth Soccer Club","Sherando #3","255 Lakeview Cir, Stephens City, VA 22655"
"Winchester Youth Soccer Club","Sherando #6 small","255 Lakeview Cir, Stephens City, VA 22655"
"Winchester Youth Soccer Club","Sherando #7 small","255 Lakeview Cir, Stephens City, VA 22655"
"Winchester Youth Soccer Club","Sherando 1-A","255 Lakeview Cir, Stephens City, VA 22655"
"Woodbridge Soccer Club","Lake Ridge Middle School Football/Soccer Field","12350 Mohican Rd, Woodbridge, VA 22192"
"AC Cugini","Friends Meeting School Field 1","3232 Green Valley Road, Ijamsville, MD 21754"
"Damascus Soccer Club","Maryland SoccerPlex #14","18031 Central Park Circle, Boyds, MD 20841"
"Damascus Soccer Club","Maryland SoccerPlex #6","18031 Central Park Circle, Boyds, MD 20841"
"Damascus Soccer Club","Maryland SoccerPlex #7","18031 Central Park Circle, Boyds, MD 20841"
"Fredericksburg FC","FFC Park @ Spotsylvania Sportsplex 11","1898 Mills Drive, Fredericksburg, VA 22408"
"Ft. Washington","Fairland Center","13313 Old Columbia Pike, Silver Spring, MD 20904"
"Ft. Washington","Heurich Park Turf Field","2916 Nicholson Street, Hyattsville, MD 20782"
"Ft. Washington","Walker Mill Regional Park Turf","8100 Walker Mill Road, District Heights, MD 20747"
"Ft. Washington","William Tyler Page ES #1","13400 Tamarack Rd., Silver Spring, MD 20904"
"Hagerstown Soccer Club","Hagerstown SC Complex #6","13317 Cearfoss Pike, Hagerstown, MD 21740"
"Southwestern Youth Association","SYA Complex #2","6626 Bull Run Post Office Road, Centreville, Va 20120"
"Southwestern Youth Association","SYA Complex #3A","6626 Bull Run Post Office Road, Centreville, Va 20120"
"Southwestern Youth Association","SYA Complex #4","6626 Bull Run Post Office Road, Centreville, Va 20120"
"Virginia Blackwatch SC","Bull Run Park #1","7700 Bull Run Dr, Centreville, VA 20121"
"Virginia Blackwatch SC","Shenandoah University Track and Field Complex Field","1460 University Dr, Winchester, VA 22601"
"Warrenton Youth Sports Club","Marshall Northern Complex Soccer Field #1","4155 Monroe Parkway, Marshall, VA 20186"
"Washington Soccer Club","Jelleff Recreation Center SS #1","3265 S Street, NW, Washington, DC 20007-2945"
"Washington Soccer Club","Oak Marr Park Field #1","3200 Jermantown Road, Oakton, VA 22124"
"Washington Soccer Club","Palisades","5200 Sherier Place NW, Washington, DC 20016"
"Washington Soccer Club","Riggs LaSalle Community Center Field #1","501 Riggs Rd, NE, Washington, DC 20011"
"Washington Soccer Club","Shepherd ES","7800 14th St NW, Washington, DC 20012-1490"
"Washington Soccer Club","Sidwell Friends Turf","3825 Wisconsin Ave NW, Washington, DC 20016"
"Washington Soccer Club","Takoma Rec Center Field #3","300 Van Buren St NW, Washington, DC 20012"
"Bara Futebol Clube","Franconia Park #4","6100 Cloud Dr, Springfield, VA 22150"
"Bara Futebol Clube","Pine Ridge Park #4","3401 Woodburn Rd, Annandale, VA 22003"
"Bara Futebol Clube","South County MS Turf #2A (small sided)","8700 Laurel Crest Dr, Lorton, VA 22079"
"Bara Futebol Clube","South County MS Turf #2B (small sided)","8700 Laurel Crest Dr, Lorton, VA 22079"
"CapitalFC","Randall Recreation Center #1 Full","25 I Street SW, Washington, DC 20024"
"CapitalFC","Watkins Elementary School - DC #1","420 12th Street Southeast, Washington, DC 20003"
"FC Virginia United","Bles Park #1","4830 Riverside Parkway, Ashburn, VA 20147"
"FC Virginia United","Bles Park #2","4830 Riverside Parkway, Ashburn, VA 20147"
"FC Virginia United","Evergreen Sportsplex #1","19623 Evergreen Mill Road, Leesburg, VA"
"FC Virginia United","Evergreen Sportsplex #2","19623 Evergreen Mill Road, Leesburg, VA"
"FC Virginia United","Evergreen Sportsplex #3","19623 Evergreen Mill Road, Leesburg, VA"
"FC Virginia United","Evergreen Sportsplex #4","19623 Evergreen Mill Road, Leesburg, VA"
"Annandale United FC","Annandale HS Stadium","4700 Medford Dr, Annandale, VA 22003"
"Annandale United FC","Annandale HS Track turf field","4700 Medford Dr, Annandale, VA 22003"
"Annandale United FC","Mason District Park #3 Front Turf","6621 Columbia Pike, Annandale, VA 22003"
"Annandale United FC","Pine Ridge Park #4","3401 Woodburn Rd, Annandale, VA 22003"
"Maryland United FC","Allen Pond Park (Andy Brown)","3330 Northview Drive Bowie, MD 20716"
"Maryland United FC","Allen Pond Park (Huston)","3330 Northview Drive Bowie, MD 20716"
"Maryland United FC","Allen Pond Park (Murtagh 1)","3330 Northview Drive Bowie, MD 20716"
"Maryland United FC","Allen Pond Park (Murtagh 2)","3330 Northview Drive Bowie, MD 20716"
"Maryland United FC","Annapolis Area Christian Upper","109 Burns Crossing Road Severn, MD 21144"
"Maryland United FC","Buckingham Park","2830 Barberry Lane Bowie, MD 20715"
"Maryland United FC","Calverton School","300 Calverton School Rd, Huntingtown, MD 20639"
"Maryland United FC","Church Road Park","2001 Church Rd, Bowie, MD 20721"
"Maryland United FC","Enfield Chase Fields A & B","3701 Northview Dr, Bowie, MD 20716"
"Maryland United FC","Fairland Park Fields A & B","2001 Church Rd, Bowie, MD 20721"
"Maryland United FC","Glen Allen Park A & B","15600 Atlantis Dr, Bowie, MD 20716"
"Maryland United FC","Holy Trinity School A,B & C","11902 Daisy Lane Glenn Dale, MD 20769"
"Maryland United FC","Indian Creek School","1130 Anne Chambers Way, Crownsville, MD 21032"
"Maryland United FC","McDonogh School","8600 McDonogh Rd Owings Mills, MD 21117"
"Maryland United FC","Mitchellville Fields 1-7","3200 Mitchellville Road, Bowie, MD 20716"
"Maryland United FC","Riverdale Baptist A & B","1133 Largo Road, Upper Marlboro,MD"
"Maryland United FC","Riverdale Baptist C & D","1133 Largo Road, Upper Marlboro,MD"
"Maryland United FC","Queen Anne’s School Fields","14111 Oak Grove Road Upper Marlboro, MD 20774"
"Maryland United FC","Walker Mill Park","Walker Mill Regional Park Walker Mill MD 20747"
"Maryland United FC","Whitemarsh Park (Bowie)","100 White Marsh Park Dr Bowie MD 20716"
"Ellicott City Soccer Club","Chapelgate Christian Academy","2600 Marriottsville Road, Marriottsville, MD 21104"
"Prince William Courage","Fred Lynn Middle School","1650 Prince William Parkway, Woodbridge, VA 22191"
"Prince William Courage","Hylton B&G Club","5070 Dale Blvd, Woodbridge, VA 22193"
"Prince William Courage","Woodbridge Middle School","2201 York Dr, Woodbridge, VA 22191"
"Prince William Courage","Chinn Park #1","13001 Chinn Park Dr, Woodbridge, VA 22192"
"Prince William Courage","Chinn Park #2","13001 Chinn Park Dr, Woodbridge, VA 22192"
"Prince William Courage","Howison Park #1A","14716 Minnieville Road, Woodbridge, VA 22193"
"Prince William Courage","Howison Park #1B","14716 Minnieville Road, Woodbridge, VA 22193"
"Prince William Courage","Howison Park #2B","14716 Minnieville Road, Woodbridge, VA 22193"
"Prince William Courage","Howison Park #3A","14716 Minnieville Road, Woodbridge, VA 22193"
"Prince William Courage","Howison Park #3B","14716 Minnieville Road, Woodbridge, VA 22193"
"Prince William Courage","Tyrell Park Field #2","14350 Veterans Drive, Woodbridge, VA 22191"
"Prince William Courage","Tyrell Park Field #4","14350 Veterans Drive, Woodbridge, VA 22191"
"Pasadena Soccer Club","Lake Shore Athletic Complex A","850 Woods Road, Pasadena, MD 21122"
"Pasadena Soccer Club","Lake Shore Athletic Complex B","850 Woods Road, Pasadena, MD 21122"
"Pasadena Soccer Club","Lake Shore Athletic Complex C","850 Woods Road, Pasadena, MD 21122"
"Pasadena Soccer Club","Lake Shore Athletic Complex D","850 Woods Road, Pasadena, MD 21122"
"Pasadena Soccer Club","Riviera Beach Community Park","131 Meadow Rd, Pasadena, MD 21122"
"Pasadena Soccer Club","Muth Field","8513 St Jane Dr, Pasadena, MD 21122"
"Pasadena Soccer Club","Tick Neck Park #1","7750 Edwin Raynor Blvd, Pasadena, MD 21122"
"Pasadena Soccer Club","Tick Neck Park #2","7750 Edwin Raynor Blvd, Pasadena, MD 21122"
"Pasadena Soccer Club","Tick Neck Park #3","7750 Edwin Raynor Blvd, Pasadena, MD 21122"
"Pasadena Soccer Club","Rock Creek Park","79 Bar Harbor Rd, Pasadena, MD 21122"
"Pasadena Soccer Club","Jacobsville Recreation Area","64 Magothy Beach Rd, Pasadena, MD 21122"
